opportunity_id,sales_agent,product,account,deal_stage,engage_date,close_date,close_value
OPP00001,Nina Castell,Growth,Riverton Schools,Won,2025-11-06,2025-12-12,18100
OPP00002,Sam Okafor,Growth,Riverton Schools,Won,2025-12-26,2026-01-26,17700
OPP00003,Iris Holm,Scale,Ironvale Group,Lost,2025-03-27,2025-06-23,0
OPP00004,Iris Holm,Scale,Ironvale Group,Won,2024-10-30,2025-01-19,39600
OPP00005,Nina Castell,Scale,Ironvale Group,Won,2025-07-03,2025-10-16,46000
OPP00006,Sam Okafor,Growth,Ironvale Group,Won,2025-03-04,2025-04-16,16000
OPP00007,Sam Okafor,Growth,Ironvale Group,Lost,2025-03-15,2025-04-04,0
OPP00008,Sam Okafor,Growth,Bluestone Education,Won,2025-09-13,2025-11-05,16000
OPP00009,Theo Brandt,Growth,Ravenna Financial,Lost,2024-12-07,2025-01-16,0
OPP00010,Owen Pratt,Growth,Quarry Industries,Lost,2026-06-13,2026-07-22,0
OPP00011,Sam Okafor,Scale,Glenmore Fabrication,Lost,2025-05-25,2025-08-11,0
OPP00012,Lena Morrow,Enterprise,Glenmore Fabrication,Won,2025-09-19,2025-12-09,94100
OPP00013,Priya Sand,Scale,Calder Fiber,Lost,2025-07-20,2025-10-23,0
OPP00014,Theo Brandt,Growth,Calder Fiber,Lost,2026-01-14,2026-02-23,0
OPP00015,Sam Okafor,Starter,Oakmont Telecom,Lost,2025-10-23,2025-11-23,0
OPP00016,Avery Lin,Starter,Oakmont Telecom,Won,2025-08-18,2025-09-10,5200
OPP00017,Nina Castell,Starter,Oakmont Telecom,Lost,2025-05-23,2025-07-26,0
OPP00018,Lena Morrow,Starter,Oakmont Telecom,Won,2025-08-10,2025-10-07,5800
OPP00019,Nina Castell,Growth,Oakmont Telecom,Lost,2026-01-27,2026-03-03,0
OPP00020,Theo Brandt,Scale,Vantage Partners,Won,2025-10-03,2025-12-13,43500
OPP00021,Nina Castell,Enterprise,Vantage Partners,Lost,2025-11-29,2026-01-29,0
OPP00022,Lena Morrow,Enterprise,Vantage Partners,Engaging,2026-07-22,,
OPP00023,Owen Pratt,Scale,Vantage Partners,Lost,2025-03-10,2025-06-04,0
OPP00024,Avery Lin,Scale,Vantage Partners,Lost,2025-07-10,2025-09-22,0
OPP00025,Lena Morrow,Starter,Cedar Networks,Lost,2025-10-09,2025-11-29,0
OPP00026,Sam Okafor,Growth,Cedar Networks,Lost,2025-11-18,2025-12-16,0
OPP00027,Lena Morrow,Scale,Yardley Data,Won,2024-12-20,2025-02-24,44700
OPP00028,Sam Okafor,Scale,Yardley Data,Won,2026-04-16,2026-07-13,41700
OPP00029,Sam Okafor,Growth,Yardley Data,Won,2025-09-26,2025-11-23,16600
OPP00030,Lena Morrow,Scale,Yardley Data,Won,2025-11-10,2026-01-29,47100
OPP00031,Owen Pratt,Scale,Brightline Consulting,Lost,2025-03-31,2025-07-17,0
OPP00032,Nina Castell,Growth,Ashgrove Software,Engaging,2026-08-23,,
OPP00033,Iris Holm,Growth,Ashgrove Software,Won,2026-01-18,2026-02-23,17700
OPP00034,Marcus Ohl,Starter,Driftwood Cloud,Won,2025-03-30,2025-04-20,5700
OPP00035,Marcus Ohl,Scale,Vantage Capital,Lost,2025-12-31,2026-03-17,0
OPP00036,Iris Holm,Scale,Vantage Capital,Won,2025-07-02,2025-09-26,41800
OPP00037,Sam Okafor,Scale,Vantage Capital,Won,2025-04-20,2025-07-14,41100
OPP00038,Iris Holm,Scale,Vantage Capital,Lost,2025-12-22,2026-03-15,0
OPP00039,Nina Castell,Scale,Upland Advisory,Won,2026-05-18,2026-08-13,44700
OPP00040,Iris Holm,Scale,Upland Advisory,Engaging,2026-08-24,,
OPP00041,Priya Sand,Growth,Upland Advisory,Lost,2025-09-19,2025-11-11,0
OPP00042,Nina Castell,Growth,Upland Advisory,Won,2025-02-15,2025-04-09,16400
OPP00043,Owen Pratt,Growth,Upland Advisory,Lost,2024-11-02,2024-12-25,0
OPP00044,Theo Brandt,Growth,Upland Advisory,Lost,2025-12-18,2026-02-11,0
OPP00045,Marcus Ohl,Growth,Upland Advisory,Lost,2024-12-25,2025-02-15,0
OPP00046,Theo Brandt,Enterprise,Bluestone Associates,Won,2025-09-04,2025-11-26,211900
OPP00047,Sam Okafor,Enterprise,Bluestone Associates,Won,2025-09-27,2025-12-01,220800
OPP00048,Theo Brandt,Enterprise,Bluestone Associates,Won,2025-04-29,2025-08-11,280800
OPP00049,Priya Sand,Enterprise,Bluestone Associates,Won,2025-02-10,2025-05-26,213600
OPP00050,Lena Morrow,Enterprise,Bluestone Associates,Lost,2025-09-01,2025-11-18,0
OPP00051,Theo Brandt,Enterprise,Bluestone Associates,Lost,2025-05-06,2025-07-18,0
OPP00052,Theo Brandt,Enterprise,Bluestone Associates,Won,2025-06-10,2025-08-23,258800
OPP00053,Theo Brandt,Enterprise,Bluestone Associates,Won,2025-01-17,2025-04-14,211300
OPP00054,Lena Morrow,Scale,Cedar Manufacturing,Won,2025-03-11,2025-06-12,44500
OPP00055,Nina Castell,Growth,Cedar Manufacturing,Lost,2025-07-02,2025-08-09,0
OPP00056,Lena Morrow,Starter,Thornbury Systems,Lost,2025-12-26,2026-02-17,0
OPP00057,Iris Holm,Enterprise,Highpoint Communications,Won,2025-05-12,2025-08-11,109200
OPP00058,Nina Castell,Enterprise,Nettle Health,Engaging,2026-07-29,,
OPP00059,Priya Sand,Starter,Clearpath Consulting,Won,2024-10-21,2024-11-25,6000
OPP00060,Theo Brandt,Starter,Clearpath Consulting,Lost,2026-02-04,2026-03-04,0
OPP00061,Owen Pratt,Starter,Clearpath Consulting,Lost,2024-10-14,2024-12-14,0
OPP00062,Owen Pratt,Starter,Clearpath Consulting,Won,2025-04-03,2025-05-07,5500
OPP00063,Marcus Ohl,Scale,Redfield Medical,Won,2026-04-07,2026-06-18,44100
OPP00064,Nina Castell,Scale,Redfield Medical,Lost,2025-05-17,2025-08-05,0
OPP00065,Nina Castell,Scale,Redfield Medical,Lost,2026-02-16,2026-06-03,0
OPP00066,Sam Okafor,Scale,Redfield Medical,Lost,2025-03-03,2025-05-16,0
OPP00067,Priya Sand,Scale,Redfield Medical,Lost,2026-05-27,2026-07-31,0
OPP00068,Lena Morrow,Scale,Redfield Medical,Lost,2026-05-23,2026-07-31,0
OPP00069,Marcus Ohl,Enterprise,Redfield Medical,Lost,2025-03-28,2025-05-30,0
OPP00070,Nina Castell,Scale,Redfield Medical,Lost,2024-10-15,2024-12-26,0
OPP00071,Owen Pratt,Scale,Willowby Labs,Engaging,2026-08-23,,
OPP00072,Sam Okafor,Enterprise,Willowby Labs,Won,2025-05-29,2025-08-14,98400
OPP00073,Iris Holm,Scale,Willowby Labs,Won,2025-06-14,2025-09-18,42200
OPP00074,Priya Sand,Growth,Willowby Labs,Lost,2024-11-26,2025-01-10,0
OPP00075,Priya Sand,Growth,Willowby Labs,Won,2025-04-08,2025-05-09,16600
OPP00076,Marcus Ohl,Scale,Willowby Labs,Lost,2025-10-08,2026-01-21,0
OPP00077,Avery Lin,Scale,Willowby Labs,Won,2025-09-21,2025-11-27,39100
OPP00078,Nina Castell,Starter,Orchard Telecom,Lost,2025-09-06,2025-10-27,0
OPP00079,Priya Sand,Scale,Halcyon Outfitters,Lost,2025-07-13,2025-10-12,0
OPP00080,Sam Okafor,Enterprise,Juniper Clinics,Lost,2025-04-05,2025-07-01,0
OPP00081,Avery Lin,Scale,Highpoint Retail,Lost,2026-04-12,2026-06-12,0
OPP00082,Marcus Ohl,Scale,Driftwood Systems,Won,2025-10-23,2026-01-16,41500
OPP00083,Marcus Ohl,Enterprise,Driftwood Systems,Won,2025-12-29,2026-03-04,111100
OPP00084,Marcus Ohl,Scale,Driftwood Systems,Won,2025-01-18,2025-04-13,44800
OPP00085,Avery Lin,Enterprise,Fairhaven Medical,Won,2025-08-21,2025-10-24,108300
OPP00086,Lena Morrow,Starter,Vantage Components,Lost,2026-03-31,2026-05-31,0
OPP00087,Marcus Ohl,Starter,Vantage Components,Lost,2025-04-06,2025-06-11,0
OPP00088,Lena Morrow,Starter,Vantage Components,Lost,2025-03-25,2025-05-05,0
OPP00089,Theo Brandt,Growth,Vantage Components,Won,2025-10-15,2025-12-15,17600
OPP00090,Nina Castell,Growth,Vantage Components,Lost,2026-01-04,2026-01-28,0
OPP00091,Sam Okafor,Starter,Vantage Components,Lost,2025-02-10,2025-03-29,0
OPP00092,Marcus Ohl,Growth,Vantage Components,Lost,2026-05-26,2026-06-20,0
OPP00093,Nina Castell,Starter,Vantage Components,Lost,2025-11-21,2025-12-15,0
OPP00094,Marcus Ohl,Growth,Vantage Components,Engaging,2026-08-08,,
OPP00095,Owen Pratt,Enterprise,Ironvale Works,Won,2025-03-12,2025-06-15,97100
OPP00096,Priya Sand,Growth,Ironvale Works,Lost,2025-12-17,2026-02-08,0
OPP00097,Avery Lin,Scale,Ironvale Works,Won,2025-02-10,2025-04-14,40700
OPP00098,Sam Okafor,Scale,Ironvale Works,Lost,2026-03-14,2026-05-26,0
OPP00099,Owen Pratt,Scale,Ironvale Works,Engaging,2026-07-10,,
OPP00100,Owen Pratt,Starter,Yardley Systems,Lost,2026-06-09,2026-07-08,0
OPP00101,Sam Okafor,Starter,Yardley Systems,Lost,2025-07-16,2025-08-16,0
OPP00102,Nina Castell,Enterprise,Zephyr Care,Won,2025-01-10,2025-03-28,111300
OPP00103,Marcus Ohl,Scale,Copperline Group,Lost,2026-02-07,2026-04-12,0
OPP00104,Priya Sand,Scale,Copperline Group,Lost,2026-01-09,2026-03-31,0
OPP00105,Priya Sand,Scale,Copperline Group,Lost,2026-03-13,2026-05-18,0
OPP00106,Avery Lin,Scale,Zephyr Software,Won,2025-06-28,2025-10-02,40300
OPP00107,Iris Holm,Enterprise,Zephyr Software,Won,2026-05-01,2026-07-07,95300
OPP00108,Marcus Ohl,Scale,Zephyr Software,Won,2025-02-23,2025-06-09,45600
OPP00109,Marcus Ohl,Scale,Zephyr Software,Lost,2024-11-08,2025-02-08,0
OPP00110,Priya Sand,Enterprise,Zephyr Software,Engaging,2026-08-21,,
OPP00111,Owen Pratt,Scale,Zephyr Software,Lost,2024-12-22,2025-04-10,0
OPP00112,Sam Okafor,Scale,Zephyr Software,Engaging,2026-06-08,,
OPP00113,Nina Castell,Scale,Zephyr Software,Lost,2025-12-30,2026-04-06,0
OPP00114,Sam Okafor,Enterprise,Zephyr Software,Lost,2024-12-16,2025-03-07,0
OPP00115,Owen Pratt,Starter,Northwind Health,Engaging,2026-07-28,,
OPP00116,Priya Sand,Scale,Lumen Lending,Lost,2025-04-27,2025-08-08,0
OPP00117,Nina Castell,Enterprise,Juniper Stores,Engaging,2026-07-28,,
OPP00118,Theo Brandt,Growth,Everly Market,Lost,2026-03-07,2026-05-03,0
OPP00119,Avery Lin,Scale,Everly Market,Lost,2026-04-24,2026-07-08,0
OPP00120,Nina Castell,Scale,Riverton Academy,Lost,2024-12-17,2025-02-28,0
OPP00121,Theo Brandt,Enterprise,Riverton Academy,Engaging,2026-07-28,,
OPP00122,Nina Castell,Scale,Lumen Components,Lost,2025-03-20,2025-06-11,0
OPP00123,Owen Pratt,Growth,Yardley Outfitters,Lost,2026-01-02,2026-01-30,0
OPP00124,Priya Sand,Growth,Yardley Outfitters,Lost,2024-12-25,2025-02-19,0
OPP00125,Owen Pratt,Enterprise,Yardley Outfitters,Lost,2025-03-05,2025-05-15,0
OPP00126,Theo Brandt,Scale,Yardley Outfitters,Lost,2025-08-04,2025-10-04,0
OPP00127,Nina Castell,Scale,Yardley Outfitters,Lost,2025-12-25,2026-02-27,0
OPP00128,Nina Castell,Growth,Yardley Outfitters,Won,2025-11-25,2025-12-17,15600
OPP00129,Owen Pratt,Scale,Northwind Fiber,Lost,2025-12-31,2026-04-07,0
OPP00130,Marcus Ohl,Starter,Fairhaven Insurance,Lost,2026-01-20,2026-02-17,0
OPP00131,Iris Holm,Starter,Fairhaven Insurance,Lost,2026-05-25,2026-07-03,0
OPP00132,Nina Castell,Growth,Fairhaven Insurance,Lost,2026-04-09,2026-06-04,0
OPP00133,Theo Brandt,Starter,Fairhaven Insurance,Lost,2025-03-20,2025-04-22,0
OPP00134,Owen Pratt,Growth,Fairhaven Insurance,Lost,2025-07-29,2025-09-21,0
OPP00135,Marcus Ohl,Growth,Fairhaven Insurance,Won,2024-11-10,2024-12-14,15900
OPP00136,Owen Pratt,Starter,Fairhaven Insurance,Won,2025-09-30,2025-10-25,5500
OPP00137,Theo Brandt,Starter,Fairhaven Insurance,Prospecting,,,
OPP00138,Nina Castell,Scale,Stonebridge Lending,Won,2025-09-04,2025-12-22,44800
OPP00139,Nina Castell,Enterprise,Stonebridge Lending,Won,2025-09-09,2025-11-17,108000
OPP00140,Theo Brandt,Growth,Yardley Works,Lost,2026-01-24,2026-03-03,0
OPP00141,Sam Okafor,Growth,Yardley Works,Lost,2026-05-12,2026-07-15,0
OPP00142,Priya Sand,Scale,Yardley Works,Won,2026-02-10,2026-04-13,44600
OPP00143,Owen Pratt,Scale,Yardley Works,Won,2025-12-02,2026-02-13,38300
OPP00144,Lena Morrow,Scale,Yardley Works,Won,2024-12-29,2025-04-14,45200
OPP00145,Marcus Ohl,Scale,Yardley Works,Won,2026-02-28,2026-06-14,44000
OPP00146,Theo Brandt,Scale,Westmark Systems,Won,2025-06-17,2025-08-22,44900
OPP00147,Avery Lin,Growth,Glenmore Cloud,Lost,2024-10-25,2024-11-26,0
OPP00148,Marcus Ohl,Starter,Brightline Stores,Won,2025-09-17,2025-10-12,5600
OPP00149,Lena Morrow,Starter,Brightline Stores,Lost,2026-01-23,2026-03-20,0
OPP00150,Lena Morrow,Starter,Brightline Stores,Lost,2025-02-03,2025-03-14,0
OPP00151,Sam Okafor,Growth,Brightline Stores,Lost,2024-10-15,2024-12-02,0
OPP00152,Lena Morrow,Starter,Brightline Stores,Lost,2025-05-19,2025-07-17,0
OPP00153,Iris Holm,Starter,Brightline Stores,Lost,2024-10-30,2024-11-20,0
OPP00154,Avery Lin,Starter,Nettle Labs,Lost,2024-10-28,2024-12-29,0
OPP00155,Lena Morrow,Growth,Oakmont Care,Lost,2025-08-25,2025-10-06,0
OPP00156,Owen Pratt,Starter,Brackett Associates,Lost,2025-08-12,2025-09-30,0
OPP00157,Theo Brandt,Growth,Brackett Associates,Lost,2025-01-03,2025-02-12,0
OPP00158,Avery Lin,Growth,Brackett Associates,Lost,2025-06-07,2025-06-27,0
OPP00159,Marcus Ohl,Starter,Brackett Associates,Engaging,2026-07-24,,
OPP00160,Nina Castell,Growth,Brackett Associates,Won,2025-10-20,2025-12-19,18700
OPP00161,Sam Okafor,Growth,Brackett Associates,Lost,2024-10-01,2024-12-02,0
OPP00162,Sam Okafor,Growth,Brackett Associates,Won,2025-01-07,2025-02-19,15500
OPP00163,Owen Pratt,Starter,Brackett Associates,Lost,2025-03-30,2025-05-25,0
OPP00164,Avery Lin,Growth,Brackett Associates,Engaging,2026-08-07,,
OPP00165,Avery Lin,Scale,Ravenna Wireless,Won,2024-10-12,2024-12-30,45000
OPP00166,Theo Brandt,Growth,Copperline Outfitters,Lost,2025-08-10,2025-09-21,0
OPP00167,Theo Brandt,Growth,Copperline Outfitters,Lost,2025-07-25,2025-09-04,0
OPP00168,Sam Okafor,Starter,Copperline Outfitters,Lost,2025-05-12,2025-06-20,0
OPP00169,Sam Okafor,Scale,Halcyon Health,Won,2025-10-13,2026-01-17,44900
OPP00170,Lena Morrow,Growth,Halcyon Health,Won,2025-05-05,2025-07-02,18500
OPP00171,Nina Castell,Growth,Halcyon Health,Lost,2026-05-30,2026-06-26,0
OPP00172,Priya Sand,Growth,Halcyon Health,Won,2025-09-28,2025-12-05,17100
OPP00173,Priya Sand,Growth,Halcyon Health,Won,2025-06-16,2025-07-21,17400
OPP00174,Lena Morrow,Scale,Halcyon Health,Lost,2025-05-02,2025-08-18,0
OPP00175,Marcus Ohl,Growth,Halcyon Health,Won,2025-02-23,2025-04-17,15900
OPP00176,Theo Brandt,Scale,Halcyon Health,Won,2025-10-16,2026-01-23,45600
OPP00177,Avery Lin,Scale,Fairhaven Advisors,Won,2025-05-01,2025-08-13,41800
OPP00178,Theo Brandt,Scale,Granite Partners,Won,2025-03-26,2025-06-20,44400
OPP00179,Lena Morrow,Starter,Highpoint Manufacturing,Won,2025-01-23,2025-02-28,6300
OPP00180,Nina Castell,Starter,Highpoint Manufacturing,Lost,2025-09-20,2025-10-30,0
OPP00181,Owen Pratt,Starter,Highpoint Manufacturing,Won,2025-04-27,2025-06-26,5200
OPP00182,Nina Castell,Starter,Highpoint Manufacturing,Won,2026-04-29,2026-06-11,5500
OPP00183,Lena Morrow,Enterprise,Nettle Systems,Lost,2025-11-09,2026-01-30,0
OPP00184,Marcus Ohl,Enterprise,Nettle Systems,Lost,2025-08-24,2025-12-06,0
OPP00185,Lena Morrow,Scale,Nettle Systems,Lost,2024-11-20,2025-01-27,0
OPP00186,Iris Holm,Scale,Nettle Systems,Lost,2024-11-18,2025-01-30,0
OPP00187,Avery Lin,Scale,Nettle Systems,Lost,2025-03-23,2025-06-21,0
OPP00188,Marcus Ohl,Enterprise,Nettle Systems,Lost,2024-10-19,2024-12-31,0
OPP00189,Avery Lin,Scale,Nettle Systems,Lost,2025-07-18,2025-10-29,0
OPP00190,Nina Castell,Scale,Nettle Systems,Lost,2025-01-21,2025-03-23,0
OPP00191,Iris Holm,Scale,Nettle Systems,Lost,2025-07-04,2025-10-01,0
OPP00192,Owen Pratt,Scale,Quarry Data,Lost,2024-12-05,2025-03-09,0
OPP00193,Iris Holm,Enterprise,Quarry Data,Engaging,2026-06-25,,
OPP00194,Owen Pratt,Enterprise,Quarry Data,Won,2025-10-11,2025-12-30,97700
OPP00195,Marcus Ohl,Enterprise,Quarry Data,Lost,2025-07-20,2025-10-01,0
OPP00196,Avery Lin,Scale,Quarry Data,Won,2026-03-14,2026-06-02,42800
OPP00197,Avery Lin,Enterprise,Quarry Data,Lost,2025-06-18,2025-09-06,0
OPP00198,Theo Brandt,Scale,Granite Market,Prospecting,,,
OPP00199,Sam Okafor,Scale,Brightline Clinics,Won,2025-03-25,2025-06-24,39800
OPP00200,Iris Holm,Enterprise,Brightline Clinics,Prospecting,,,
OPP00201,Avery Lin,Enterprise,Ironvale Diagnostics,Lost,2025-11-14,2026-02-26,0
OPP00202,Theo Brandt,Enterprise,Ironvale Diagnostics,Lost,2025-10-29,2026-01-06,0
OPP00203,Marcus Ohl,Scale,Ironvale Diagnostics,Lost,2025-04-16,2025-06-17,0
OPP00204,Avery Lin,Scale,Ashgrove Care,Engaging,2026-06-06,,
OPP00205,Owen Pratt,Growth,Everly Goods,Lost,2026-04-03,2026-04-28,0
OPP00206,Avery Lin,Starter,Summit Learning,Won,2025-07-06,2025-08-04,6300
OPP00207,Nina Castell,Scale,Granite Retail,Won,2025-01-02,2025-03-13,45900
OPP00208,Sam Okafor,Growth,Granite Retail,Won,2025-01-04,2025-02-20,17600
OPP00209,Marcus Ohl,Growth,Granite Retail,Won,2025-01-30,2025-04-08,16700
OPP00210,Nina Castell,Growth,Granite Retail,Lost,2025-08-29,2025-10-28,0
OPP00211,Avery Lin,Growth,Glenmore Lending,Won,2024-10-21,2024-11-25,16900
OPP00212,Theo Brandt,Starter,Glenmore Lending,Won,2025-11-20,2025-12-24,5700
OPP00213,Theo Brandt,Starter,Glenmore Lending,Lost,2025-09-06,2025-09-27,0
OPP00214,Priya Sand,Starter,Glenmore Lending,Lost,2024-12-28,2025-01-18,0
OPP00215,Owen Pratt,Starter,Glenmore Lending,Won,2026-05-08,2026-07-16,6000
OPP00216,Nina Castell,Scale,Driftwood Networks,Lost,2026-02-16,2026-05-05,0
OPP00217,Sam Okafor,Starter,Redfield Works,Won,2026-06-24,2026-08-09,6000
OPP00218,Sam Okafor,Growth,Brackett Industries,Lost,2025-07-12,2025-09-04,0
OPP00219,Owen Pratt,Growth,Northwind Works,Won,2024-10-05,2024-12-06,18200
OPP00220,Lena Morrow,Enterprise,Fairhaven Learning,Won,2026-02-05,2026-05-15,95400
OPP00221,Owen Pratt,Scale,Fairhaven Learning,Engaging,2026-07-05,,
OPP00222,Lena Morrow,Growth,Fairhaven Learning,Lost,2025-12-22,2026-02-20,0
OPP00223,Lena Morrow,Scale,Fairhaven Learning,Lost,2025-08-13,2025-11-17,0
OPP00224,Nina Castell,Scale,Fairhaven Learning,Lost,2026-05-06,2026-08-14,0
OPP00225,Marcus Ohl,Growth,Quarry Retail,Lost,2025-07-29,2025-08-20,0
OPP00226,Marcus Ohl,Enterprise,Quarry Retail,Lost,2025-11-08,2026-02-01,0
OPP00227,Iris Holm,Scale,Everly Systems,Lost,2025-02-04,2025-05-13,0
OPP00228,Theo Brandt,Scale,Kestrel Cloud,Lost,2025-10-30,2026-01-08,0
OPP00229,Marcus Ohl,Scale,Kestrel Cloud,Lost,2026-01-07,2026-04-22,0
OPP00230,Marcus Ohl,Scale,Kestrel Cloud,Lost,2026-01-26,2026-05-12,0
OPP00231,Priya Sand,Scale,Kestrel Cloud,Engaging,2026-06-02,,
OPP00232,Owen Pratt,Enterprise,Kestrel Cloud,Lost,2026-05-06,2026-07-24,0
OPP00233,Nina Castell,Enterprise,Kestrel Cloud,Lost,2025-12-20,2026-04-05,0
OPP00234,Iris Holm,Enterprise,Kestrel Cloud,Won,2026-05-13,2026-07-28,109800
OPP00235,Lena Morrow,Growth,Yardley Clinics,Lost,2025-06-18,2025-08-21,0
OPP00236,Nina Castell,Growth,Yardley Clinics,Won,2024-12-04,2025-01-29,18800
OPP00237,Theo Brandt,Growth,Summit Outfitters,Won,2025-02-20,2025-04-26,18300
OPP00238,Marcus Ohl,Scale,Summit Outfitters,Prospecting,,,
OPP00239,Iris Holm,Growth,Summit Outfitters,Won,2025-05-07,2025-07-06,18600
OPP00240,Sam Okafor,Starter,Summit Components,Won,2026-03-16,2026-04-11,5400
OPP00241,Nina Castell,Starter,Summit Components,Lost,2025-04-06,2025-04-30,0
OPP00242,Owen Pratt,Growth,Summit Components,Lost,2026-05-11,2026-06-12,0
OPP00243,Priya Sand,Growth,Summit Components,Won,2025-04-05,2025-05-19,18100
OPP00244,Iris Holm,Starter,Summit Components,Lost,2024-12-30,2025-01-22,0
OPP00245,Iris Holm,Starter,Summit Components,Lost,2025-12-18,2026-02-08,0
OPP00246,Iris Holm,Scale,Zephyr Goods,Won,2026-06-10,2026-08-09,45100
OPP00247,Iris Holm,Growth,Aldercroft Medical,Lost,2025-11-07,2026-01-01,0
OPP00248,Avery Lin,Growth,Aldercroft Medical,Prospecting,,,
OPP00249,Avery Lin,Growth,Aldercroft Medical,Lost,2025-06-22,2025-08-21,0
OPP00250,Theo Brandt,Growth,Aldercroft Medical,Lost,2025-12-29,2026-02-22,0
OPP00251,Lena Morrow,Scale,Willowby Outfitters,Lost,2025-07-21,2025-09-24,0
OPP00252,Theo Brandt,Scale,Willowby Outfitters,Lost,2025-02-04,2025-04-10,0
OPP00253,Avery Lin,Starter,Copperline Works,Won,2026-01-08,2026-03-11,5900
OPP00254,Nina Castell,Starter,Copperline Works,Lost,2026-05-07,2026-06-26,0
OPP00255,Sam Okafor,Growth,Kestrel Insurance,Lost,2025-12-07,2026-01-23,0
OPP00256,Sam Okafor,Growth,Kestrel Insurance,Lost,2024-11-04,2024-12-19,0
OPP00257,Nina Castell,Scale,Kestrel Insurance,Won,2025-07-06,2025-10-19,45000
OPP00258,Sam Okafor,Starter,Brackett Fiber,Lost,2025-03-20,2025-05-17,0
OPP00259,Iris Holm,Growth,Everly Outfitters,Lost,2025-11-12,2025-12-27,0
OPP00260,Nina Castell,Growth,Everly Outfitters,Lost,2025-03-05,2025-05-04,0
OPP00261,Iris Holm,Growth,Calder Associates,Lost,2025-10-12,2025-11-04,0
OPP00262,Iris Holm,Starter,Calder Associates,Lost,2026-05-21,2026-07-17,0
OPP00263,Theo Brandt,Growth,Calder Associates,Lost,2025-07-24,2025-09-26,0
OPP00264,Priya Sand,Starter,Kestrel Retail,Lost,2025-04-02,2025-05-24,0
OPP00265,Marcus Ohl,Starter,Kestrel Retail,Lost,2025-10-27,2025-11-21,0
OPP00266,Nina Castell,Starter,Kestrel Retail,Won,2026-04-28,2026-06-23,5700
OPP00267,Avery Lin,Starter,Saltmarsh Wireless,Lost,2025-02-05,2025-04-07,0
OPP00268,Nina Castell,Starter,Saltmarsh Wireless,Won,2025-02-03,2025-03-06,6200
OPP00269,Marcus Ohl,Enterprise,Silverbrook Stores,Lost,2025-09-28,2025-11-28,0
OPP00270,Priya Sand,Starter,Brackett Networks,Won,2025-02-20,2025-04-30,6200
OPP00271,Lena Morrow,Growth,Silverbrook Fiber,Lost,2024-11-09,2024-12-30,0
OPP00272,Lena Morrow,Enterprise,Aldercroft Software,Lost,2025-07-09,2025-10-06,0
OPP00273,Iris Holm,Growth,Aldercroft Software,Won,2024-12-11,2025-01-20,17200
OPP00274,Owen Pratt,Starter,Fairhaven Telecom,Won,2025-04-20,2025-05-25,6000
OPP00275,Theo Brandt,Scale,Zephyr Communications,Lost,2024-12-01,2025-02-26,0
OPP00276,Iris Holm,Scale,Brightline Software,Engaging,2026-07-23,,
OPP00277,Nina Castell,Starter,Brightline Academy,Engaging,2026-06-29,,
OPP00278,Theo Brandt,Starter,Vantage Clinics,Lost,2025-12-31,2026-01-26,0
OPP00279,Nina Castell,Starter,Vantage Clinics,Lost,2024-10-16,2024-11-13,0
OPP00280,Sam Okafor,Growth,Westmark Market,Lost,2026-01-26,2026-03-15,0
OPP00281,Iris Holm,Growth,Westmark Market,Lost,2025-09-14,2025-10-17,0
OPP00282,Priya Sand,Growth,Cedar Advisors,Won,2025-09-20,2025-10-31,17800
OPP00283,Avery Lin,Enterprise,Saltmarsh Diagnostics,Lost,2025-12-22,2026-04-09,0
OPP00284,Owen Pratt,Scale,Saltmarsh Diagnostics,Lost,2025-06-06,2025-08-27,0
OPP00285,Marcus Ohl,Enterprise,Saltmarsh Diagnostics,Lost,2025-08-12,2025-10-12,0
OPP00286,Sam Okafor,Starter,Orchard Associates,Lost,2025-11-06,2025-12-20,0
OPP00287,Iris Holm,Scale,Zephyr Works,Lost,2025-04-30,2025-07-07,0
OPP00288,Lena Morrow,Enterprise,Zephyr Works,Won,2024-12-16,2025-03-08,97900
OPP00289,Iris Holm,Growth,Vantage Telecom,Lost,2026-04-26,2026-05-20,0
OPP00290,Theo Brandt,Scale,Vantage Telecom,Won,2025-10-05,2026-01-02,43500
OPP00291,Sam Okafor,Scale,Lumen Advisors,Engaging,2026-07-13,,
OPP00292,Marcus Ohl,Scale,Upland Market,Prospecting,,,
OPP00293,Nina Castell,Starter,Northwind Institute,Prospecting,,,
OPP00294,Theo Brandt,Scale,Orchard Fiber,Lost,2025-04-18,2025-08-03,0
OPP00295,Marcus Ohl,Growth,Granite Cloud,Won,2025-12-04,2025-12-29,17600
OPP00296,Priya Sand,Growth,Summit Consulting,Lost,2025-10-23,2025-12-22,0
OPP00297,Owen Pratt,Starter,Stonebridge Telecom,Lost,2024-11-22,2024-12-15,0
OPP00298,Marcus Ohl,Starter,Stonebridge Telecom,Lost,2025-09-04,2025-11-10,0
OPP00299,Iris Holm,Starter,Stonebridge Telecom,Lost,2025-09-16,2025-10-30,0
OPP00300,Owen Pratt,Starter,Stonebridge Telecom,Lost,2025-06-20,2025-08-04,0
OPP00301,Avery Lin,Starter,Stonebridge Telecom,Lost,2024-12-17,2025-01-18,0
OPP00302,Theo Brandt,Growth,Stonebridge Telecom,Won,2026-06-05,2026-07-23,17000
OPP00303,Theo Brandt,Scale,Juniper Partners,Lost,2025-06-19,2025-08-21,0
OPP00304,Marcus Ohl,Growth,Cedar Systems,Lost,2026-04-15,2026-05-20,0
OPP00305,Nina Castell,Starter,Cedar Systems,Lost,2025-05-31,2025-07-13,0
OPP00306,Priya Sand,Starter,Beacon Insurance,Won,2025-09-11,2025-11-07,5500
OPP00307,Lena Morrow,Starter,Beacon Insurance,Won,2025-07-22,2025-09-13,6200
OPP00308,Theo Brandt,Growth,Beacon Insurance,Won,2025-04-05,2025-06-13,17400
OPP00309,Theo Brandt,Scale,Silverbrook Clinics,Lost,2026-05-05,2026-07-27,0
OPP00310,Sam Okafor,Growth,Silverbrook Clinics,Lost,2026-06-04,2026-07-20,0
OPP00311,Sam Okafor,Scale,Silverbrook Clinics,Won,2025-09-04,2025-12-16,39000
OPP00312,Priya Sand,Scale,Redfield Goods,Won,2025-09-17,2025-12-01,39000
OPP00313,Lena Morrow,Scale,Redfield Goods,Won,2025-06-22,2025-10-01,42100
OPP00314,Owen Pratt,Scale,Redfield Goods,Won,2025-04-05,2025-06-22,41000
OPP00315,Lena Morrow,Starter,Northwind Data,Lost,2025-04-19,2025-06-06,0
OPP00316,Marcus Ohl,Starter,Northwind Data,Won,2026-02-02,2026-03-24,5300
OPP00317,Marcus Ohl,Scale,Willowby Learning,Lost,2025-04-02,2025-06-07,0
OPP00318,Priya Sand,Enterprise,Willowby Learning,Engaging,2026-07-23,,
OPP00319,Owen Pratt,Scale,Clearpath Cloud,Lost,2026-02-14,2026-05-07,0
OPP00320,Owen Pratt,Enterprise,Clearpath Cloud,Lost,2024-10-30,2025-02-08,0
OPP00321,Nina Castell,Growth,Everly Lending,Lost,2024-12-28,2025-02-15,0
OPP00322,Marcus Ohl,Enterprise,Everly Lending,Won,2025-07-05,2025-09-25,101700
OPP00323,Theo Brandt,Scale,Orchard Lending,Lost,2025-05-25,2025-07-27,0
OPP00324,Sam Okafor,Growth,Orchard Lending,Won,2025-08-19,2025-09-11,18200
OPP00325,Priya Sand,Scale,Orchard Lending,Won,2025-06-22,2025-09-03,46400
OPP00326,Priya Sand,Scale,Orchard Lending,Won,2025-04-16,2025-07-19,41000
OPP00327,Avery Lin,Growth,Orchard Lending,Won,2025-12-14,2026-01-07,17800
OPP00328,Iris Holm,Growth,Orchard Lending,Prospecting,,,
OPP00329,Lena Morrow,Growth,Orchard Lending,Won,2025-06-21,2025-08-03,17700
OPP00330,Theo Brandt,Scale,Orchard Lending,Won,2026-03-09,2026-06-09,44000
OPP00331,Marcus Ohl,Growth,Orchard Lending,Lost,2026-04-06,2026-05-09,0
OPP00332,Owen Pratt,Starter,Orchard Manufacturing,Lost,2026-01-22,2026-03-14,0
OPP00333,Avery Lin,Starter,Orchard Manufacturing,Won,2025-02-17,2025-03-25,6200
OPP00334,Marcus Ohl,Starter,Orchard Manufacturing,Lost,2025-05-22,2025-07-16,0
OPP00335,Priya Sand,Growth,Orchard Manufacturing,Lost,2025-01-17,2025-03-17,0
OPP00336,Avery Lin,Starter,Orchard Manufacturing,Lost,2026-07-02,2026-08-05,0
OPP00337,Nina Castell,Growth,Orchard Manufacturing,Lost,2025-07-29,2025-10-01,0
OPP00338,Iris Holm,Growth,Orchard Manufacturing,Lost,2026-04-12,2026-05-27,0
OPP00339,Avery Lin,Enterprise,Vantage Software,Lost,2025-04-21,2025-08-05,0
OPP00340,Priya Sand,Scale,Vantage Software,Lost,2025-12-04,2026-02-25,0
OPP00341,Lena Morrow,Scale,Vantage Software,Lost,2024-11-08,2025-01-15,0
OPP00342,Nina Castell,Growth,Beacon Medical,Won,2026-05-20,2026-06-12,15600
OPP00343,Theo Brandt,Growth,Beacon Medical,Won,2025-12-03,2026-01-30,16200
OPP00344,Avery Lin,Enterprise,Larkspur Consulting,Lost,2024-10-10,2025-01-19,0
OPP00345,Lena Morrow,Enterprise,Larkspur Consulting,Won,2025-01-02,2025-03-25,105400
OPP00346,Priya Sand,Enterprise,Larkspur Consulting,Lost,2025-03-01,2025-05-01,0
OPP00347,Avery Lin,Scale,Larkspur Consulting,Lost,2025-06-15,2025-09-06,0
OPP00348,Sam Okafor,Enterprise,Larkspur Consulting,Won,2025-07-20,2025-11-06,95400
OPP00349,Marcus Ohl,Scale,Larkspur Consulting,Engaging,2026-06-21,,
OPP00350,Lena Morrow,Scale,Larkspur Consulting,Lost,2025-03-25,2025-06-16,0
OPP00351,Avery Lin,Scale,Larkspur Consulting,Lost,2025-05-07,2025-07-28,0
OPP00352,Owen Pratt,Enterprise,Larkspur Consulting,Lost,2024-11-27,2025-02-21,0
OPP00353,Priya Sand,Scale,Orchard Advisory,Won,2025-10-19,2026-01-29,43400
OPP00354,Iris Holm,Growth,Orchard Advisory,Lost,2024-12-09,2025-01-14,0
OPP00355,Sam Okafor,Scale,Orchard Advisory,Lost,2026-02-04,2026-04-24,0
OPP00356,Iris Holm,Scale,Zephyr Retail,Won,2025-04-22,2025-07-13,44600
OPP00357,Lena Morrow,Growth,Zephyr Retail,Lost,2024-12-13,2025-01-17,0
OPP00358,Iris Holm,Scale,Zephyr Retail,Lost,2025-12-08,2026-03-04,0
OPP00359,Owen Pratt,Scale,Zephyr Retail,Lost,2025-04-10,2025-07-17,0
OPP00360,Nina Castell,Growth,Zephyr Retail,Lost,2025-03-09,2025-05-17,0
OPP00361,Nina Castell,Enterprise,Westmark Partners,Lost,2025-01-18,2025-04-04,0
OPP00362,Avery Lin,Enterprise,Westmark Partners,Lost,2025-11-04,2026-01-17,0
OPP00363,Lena Morrow,Scale,Westmark Partners,Lost,2025-12-31,2026-03-02,0
OPP00364,Marcus Ohl,Scale,Westmark Partners,Engaging,2026-08-08,,
OPP00365,Nina Castell,Starter,Nettle Consulting,Lost,2025-05-10,2025-06-11,0
OPP00366,Priya Sand,Starter,Nettle Consulting,Won,2026-05-01,2026-07-03,5600
OPP00367,Nina Castell,Growth,Nettle Consulting,Lost,2026-01-22,2026-02-22,0
OPP00368,Theo Brandt,Growth,Everly Care,Lost,2024-11-15,2025-01-12,0
OPP00369,Nina Castell,Starter,Everly Care,Won,2026-01-25,2026-03-18,5800
OPP00370,Avery Lin,Starter,Everly Care,Lost,2024-11-08,2024-12-04,0
OPP00371,Avery Lin,Starter,Everly Care,Lost,2025-06-26,2025-07-21,0
OPP00372,Iris Holm,Starter,Kestrel Financial,Lost,2025-08-05,2025-09-24,0
OPP00373,Owen Pratt,Starter,Kestrel Financial,Won,2024-12-07,2025-02-04,6100
OPP00374,Theo Brandt,Growth,Granite Health,Won,2024-10-09,2024-11-01,18500
OPP00375,Avery Lin,Scale,Granite Health,Won,2025-06-15,2025-09-05,41000
OPP00376,Owen Pratt,Growth,Granite Health,Lost,2024-11-23,2025-01-31,0
OPP00377,Marcus Ohl,Enterprise,Granite Health,Won,2025-08-10,2025-10-27,103000
OPP00378,Theo Brandt,Growth,Granite Health,Won,2025-02-28,2025-04-25,15700
OPP00379,Avery Lin,Growth,Granite Health,Won,2025-12-13,2026-02-15,15900
OPP00380,Priya Sand,Scale,Granite Health,Won,2025-05-14,2025-07-26,45000
OPP00381,Marcus Ohl,Enterprise,Granite Health,Won,2025-03-09,2025-06-04,108400
OPP00382,Sam Okafor,Scale,Riverton Stores,Won,2025-01-12,2025-04-09,38300
OPP00383,Nina Castell,Growth,Yardley Group,Lost,2025-10-04,2025-11-08,0
OPP00384,Lena Morrow,Scale,Yardley Group,Won,2025-12-06,2026-02-19,42200
OPP00385,Priya Sand,Starter,Highpoint Works,Engaging,2026-08-04,,
OPP00386,Nina Castell,Starter,Oakmont Health,Won,2025-03-11,2025-05-01,5900
OPP00387,Avery Lin,Starter,Oakmont Health,Won,2025-07-11,2025-09-12,5500
OPP00388,Nina Castell,Growth,Oakmont Health,Lost,2025-07-18,2025-09-10,0
OPP00389,Nina Castell,Starter,Oakmont Health,Lost,2026-05-27,2026-07-03,0
OPP00390,Sam Okafor,Starter,Oakmont Health,Won,2025-08-28,2025-10-11,5800
OPP00391,Nina Castell,Enterprise,Pinecrest Financial,Lost,2024-10-02,2025-01-12,0
OPP00392,Owen Pratt,Scale,Pinecrest Financial,Won,2025-11-28,2026-03-13,43200
OPP00393,Nina Castell,Enterprise,Upland Insurance,Lost,2025-04-17,2025-07-04,0
OPP00394,Owen Pratt,Growth,Dunmore Advisors,Lost,2026-06-26,2026-08-29,0
OPP00395,Lena Morrow,Growth,Glenmore Works,Lost,2025-03-16,2025-05-12,0
OPP00396,Iris Holm,Scale,Driftwood Software,Won,2025-07-12,2025-09-11,45600
OPP00397,Marcus Ohl,Scale,Driftwood Software,Lost,2026-04-07,2026-06-25,0
OPP00398,Theo Brandt,Scale,Halcyon Cloud,Engaging,2026-06-27,,
OPP00399,Priya Sand,Starter,Cedar Components,Lost,2025-06-26,2025-08-02,0
OPP00400,Marcus Ohl,Growth,Cedar Components,Lost,2025-05-14,2025-07-09,0
OPP00401,Iris Holm,Growth,Cedar Components,Won,2026-01-28,2026-03-16,18400
OPP00402,Sam Okafor,Starter,Cedar Components,Lost,2025-04-17,2025-06-21,0
OPP00403,Theo Brandt,Growth,Cedar Components,Lost,2025-12-19,2026-02-17,0
OPP00404,Lena Morrow,Scale,Orchard Clinics,Lost,2026-05-28,2026-08-12,0
OPP00405,Theo Brandt,Scale,Orchard Clinics,Won,2025-05-14,2025-08-15,42200
OPP00406,Theo Brandt,Scale,Orchard Clinics,Lost,2026-02-25,2026-05-23,0
OPP00407,Avery Lin,Growth,Brackett Cloud,Lost,2026-03-17,2026-05-04,0
OPP00408,Theo Brandt,Enterprise,Marlowe Capital,Won,2026-02-24,2026-06-12,100400
OPP00409,Avery Lin,Growth,Marlowe Capital,Won,2024-12-01,2024-12-31,18600
OPP00410,Iris Holm,Scale,Harbor Telecom,Lost,2026-06-05,2026-08-04,0
OPP00411,Lena Morrow,Growth,Harbor Telecom,Lost,2025-11-28,2025-12-21,0
OPP00412,Theo Brandt,Scale,Marlowe Diagnostics,Lost,2026-03-05,2026-06-19,0
OPP00413,Lena Morrow,Scale,Marlowe Diagnostics,Engaging,2026-07-07,,
OPP00414,Theo Brandt,Scale,Marlowe Diagnostics,Lost,2026-01-25,2026-05-14,0
OPP00415,Marcus Ohl,Scale,Marlowe Diagnostics,Lost,2026-02-15,2026-05-29,0
OPP00416,Iris Holm,Enterprise,Riverton Partners,Engaging,2026-08-29,,
OPP00417,Sam Okafor,Scale,Riverton Partners,Lost,2024-10-26,2025-01-18,0
OPP00418,Priya Sand,Scale,Thornbury Industries,Lost,2025-10-26,2026-01-30,0
OPP00419,Owen Pratt,Scale,Thornbury Industries,Won,2025-08-23,2025-12-06,46800
OPP00420,Marcus Ohl,Scale,Thornbury Industries,Won,2026-05-22,2026-08-03,41900
OPP00421,Sam Okafor,Growth,Driftwood Works,Lost,2025-06-01,2025-07-20,0
OPP00422,Sam Okafor,Growth,Cedar Software,Lost,2025-05-19,2025-06-24,0
OPP00423,Marcus Ohl,Growth,Cedar Software,Lost,2024-11-15,2025-01-05,0
OPP00424,Avery Lin,Starter,Cedar Software,Lost,2025-02-09,2025-04-06,0
OPP00425,Lena Morrow,Starter,Cedar Software,Lost,2024-12-17,2025-02-10,0
OPP00426,Sam Okafor,Starter,Cedar Software,Lost,2025-04-17,2025-05-07,0
OPP00427,Nina Castell,Starter,Cedar Software,Lost,2025-09-03,2025-11-06,0
OPP00428,Iris Holm,Starter,Cedar Software,Lost,2026-06-07,2026-08-09,0
OPP00429,Iris Holm,Starter,Cedar Software,Engaging,2026-08-16,,
OPP00430,Priya Sand,Growth,Cedar Software,Lost,2026-04-06,2026-06-05,0
OPP00431,Lena Morrow,Scale,Saltmarsh Schools,Lost,2025-12-30,2026-03-11,0
OPP00432,Sam Okafor,Scale,Saltmarsh Schools,Lost,2025-08-15,2025-11-11,0
OPP00433,Priya Sand,Scale,Saltmarsh Schools,Lost,2025-09-23,2025-12-18,0
OPP00434,Lena Morrow,Scale,Saltmarsh Schools,Lost,2026-02-08,2026-05-01,0
OPP00435,Owen Pratt,Growth,Silverbrook Care,Lost,2026-03-11,2026-04-06,0
OPP00436,Lena Morrow,Starter,Silverbrook Care,Won,2025-08-31,2025-09-24,6200
OPP00437,Owen Pratt,Starter,Silverbrook Care,Lost,2026-06-25,2026-08-19,0
OPP00438,Sam Okafor,Scale,Zephyr Diagnostics,Won,2025-01-10,2025-03-15,44500
OPP00439,Nina Castell,Growth,Zephyr Diagnostics,Won,2026-02-27,2026-04-26,18700
OPP00440,Avery Lin,Scale,Zephyr Diagnostics,Prospecting,,,
OPP00441,Priya Sand,Growth,Clearpath Partners,Won,2025-12-04,2026-02-11,18300
OPP00442,Avery Lin,Enterprise,Highpoint Learning,Lost,2024-12-31,2025-03-11,0
OPP00443,Lena Morrow,Enterprise,Highpoint Learning,Lost,2024-10-19,2025-01-13,0
OPP00444,Marcus Ohl,Growth,Highpoint Learning,Won,2025-07-09,2025-09-08,15900
OPP00445,Priya Sand,Scale,Cedar Education,Lost,2025-03-02,2025-06-17,0
OPP00446,Priya Sand,Growth,Summit Works,Lost,2025-02-01,2025-03-17,0
OPP00447,Lena Morrow,Scale,Brightline Care,Lost,2026-02-10,2026-05-01,0
OPP00448,Nina Castell,Growth,Copperline Partners,Lost,2026-02-16,2026-03-11,0
OPP00449,Priya Sand,Growth,Copperline Partners,Lost,2025-06-09,2025-07-06,0
OPP00450,Nina Castell,Growth,Copperline Partners,Lost,2025-05-25,2025-07-04,0
OPP00451,Avery Lin,Scale,Copperline Partners,Lost,2025-01-14,2025-03-19,0
OPP00452,Marcus Ohl,Growth,Copperline Partners,Engaging,2026-07-27,,
OPP00453,Nina Castell,Growth,Copperline Partners,Lost,2025-08-04,2025-09-26,0
OPP00454,Nina Castell,Starter,Westmark Care,Won,2025-04-30,2025-05-27,5700
OPP00455,Avery Lin,Starter,Westmark Care,Won,2025-01-24,2025-03-07,5200
OPP00456,Nina Castell,Scale,Beacon Data,Won,2025-07-07,2025-10-12,42700
OPP00457,Sam Okafor,Growth,Beacon Data,Won,2025-07-14,2025-09-10,16400
OPP00458,Marcus Ohl,Scale,Beacon Data,Won,2026-05-01,2026-07-14,38300
OPP00459,Iris Holm,Growth,Beacon Data,Won,2026-01-24,2026-02-21,18500
OPP00460,Marcus Ohl,Scale,Stonebridge Institute,Lost,2025-10-12,2025-12-25,0
OPP00461,Sam Okafor,Enterprise,Stonebridge Institute,Lost,2026-01-03,2026-04-06,0
OPP00462,Marcus Ohl,Scale,Highpoint Partners,Engaging,2026-07-09,,
OPP00463,Priya Sand,Growth,Highpoint Partners,Won,2025-04-25,2025-06-05,16300
OPP00464,Lena Morrow,Starter,Oakmont Systems,Lost,2024-12-05,2025-01-28,0
OPP00465,Priya Sand,Starter,Oakmont Systems,Lost,2025-09-09,2025-10-19,0
OPP00466,Theo Brandt,Scale,Bluestone Care,Won,2025-11-03,2026-02-20,44900
OPP00467,Marcus Ohl,Enterprise,Northwind Manufacturing,Lost,2026-03-05,2026-06-18,0
OPP00468,Owen Pratt,Enterprise,Northwind Manufacturing,Lost,2026-02-06,2026-05-19,0
OPP00469,Theo Brandt,Enterprise,Northwind Manufacturing,Lost,2026-04-04,2026-06-15,0
OPP00470,Lena Morrow,Starter,Upland Data,Won,2025-09-20,2025-10-17,6000
OPP00471,Lena Morrow,Scale,Dunmore Care,Won,2026-03-08,2026-06-14,41500
OPP00472,Theo Brandt,Scale,Dunmore Care,Won,2025-12-07,2026-02-17,46000
OPP00473,Avery Lin,Growth,Dunmore Care,Won,2026-01-16,2026-02-12,17500
OPP00474,Lena Morrow,Growth,Dunmore Care,Won,2025-05-14,2025-06-05,17600
OPP00475,Lena Morrow,Growth,Larkspur Academy,Lost,2025-12-13,2026-01-15,0
OPP00476,Sam Okafor,Growth,Harbor Health,Lost,2025-05-22,2025-06-19,0
OPP00477,Iris Holm,Growth,Cedar Associates,Won,2026-02-08,2026-03-11,17000
OPP00478,Priya Sand,Scale,Cedar Associates,Lost,2025-11-06,2026-01-19,0
OPP00479,Iris Holm,Scale,Glenmore Consulting,Lost,2025-06-01,2025-08-21,0
OPP00480,Owen Pratt,Enterprise,Riverton Clinics,Engaging,2026-08-27,,
OPP00481,Sam Okafor,Growth,Fairhaven Industries,Won,2024-12-21,2025-01-20,16200
OPP00482,Avery Lin,Growth,Fairhaven Industries,Lost,2024-10-04,2024-11-04,0
OPP00483,Sam Okafor,Scale,Fairhaven Industries,Prospecting,,,
OPP00484,Avery Lin,Scale,Fairhaven Industries,Lost,2025-07-08,2025-09-13,0
OPP00485,Priya Sand,Enterprise,Silverbrook Health,Lost,2025-03-24,2025-07-11,0
OPP00486,Sam Okafor,Scale,Ashgrove Labs,Won,2024-10-24,2025-01-04,40400
OPP00487,Sam Okafor,Scale,Ashgrove Labs,Won,2024-10-23,2025-01-18,45000
OPP00488,Sam Okafor,Scale,Northwind Group,Lost,2025-03-07,2025-05-08,0
OPP00489,Theo Brandt,Growth,Lumen Communications,Lost,2025-01-02,2025-02-28,0
OPP00490,Priya Sand,Starter,Ashgrove Consulting,Won,2025-05-24,2025-08-01,5800
OPP00491,Nina Castell,Starter,Ashgrove Consulting,Lost,2025-06-14,2025-08-17,0
OPP00492,Lena Morrow,Growth,Ashgrove Consulting,Lost,2025-07-17,2025-08-17,0
OPP00493,Avery Lin,Growth,Harbor Systems,Won,2026-03-04,2026-05-12,16700
OPP00494,Avery Lin,Scale,Harbor Systems,Prospecting,,,
OPP00495,Marcus Ohl,Scale,Harbor Systems,Won,2025-12-13,2026-03-23,46100
OPP00496,Priya Sand,Growth,Harbor Systems,Won,2025-07-02,2025-09-03,18000
OPP00497,Lena Morrow,Scale,Harbor Systems,Won,2025-12-03,2026-02-14,43200
OPP00498,Nina Castell,Scale,Harbor Systems,Won,2025-08-01,2025-10-04,43700
OPP00499,Nina Castell,Growth,Quarry Medical,Won,2024-11-21,2025-01-24,17600
OPP00500,Iris Holm,Growth,Quarry Medical,Won,2025-05-23,2025-07-01,16000
OPP00501,Marcus Ohl,Growth,Quarry Medical,Won,2025-11-30,2026-01-30,18200
OPP00502,Theo Brandt,Growth,Quarry Medical,Prospecting,,,
OPP00503,Sam Okafor,Scale,Westmark Fabrication,Won,2026-03-20,2026-05-23,38500
OPP00504,Sam Okafor,Growth,Larkspur Education,Won,2026-04-16,2026-05-13,16900
OPP00505,Sam Okafor,Starter,Zephyr Industries,Lost,2026-01-26,2026-03-27,0
OPP00506,Owen Pratt,Starter,Zephyr Industries,Lost,2025-09-18,2025-11-08,0
OPP00507,Lena Morrow,Starter,Cedar Consulting,Won,2025-07-06,2025-08-05,6300
OPP00508,Priya Sand,Growth,Cedar Consulting,Lost,2025-07-14,2025-09-13,0
OPP00509,Owen Pratt,Growth,Cedar Consulting,Lost,2024-11-05,2024-12-01,0
OPP00510,Nina Castell,Starter,Cedar Consulting,Lost,2026-05-21,2026-07-16,0
OPP00511,Sam Okafor,Scale,Granite Networks,Lost,2024-11-15,2025-02-14,0
OPP00512,Owen Pratt,Scale,Granite Networks,Lost,2025-09-27,2025-12-13,0
OPP00513,Sam Okafor,Growth,Stonebridge Advisors,Lost,2025-12-12,2026-01-17,0
OPP00514,Theo Brandt,Scale,Stonebridge Advisors,Lost,2025-11-27,2026-02-24,0
OPP00515,Theo Brandt,Scale,Stonebridge Advisors,Won,2025-11-08,2026-01-17,40000
OPP00516,Marcus Ohl,Growth,Stonebridge Advisors,Won,2025-09-06,2025-09-27,15800
OPP00517,Lena Morrow,Scale,Stonebridge Advisors,Won,2025-02-20,2025-05-27,43700
OPP00518,Owen Pratt,Growth,Stonebridge Advisors,Won,2025-08-12,2025-09-30,18400
OPP00519,Lena Morrow,Growth,Stonebridge Advisors,Lost,2026-06-08,2026-07-22,0
OPP00520,Sam Okafor,Growth,Stonebridge Advisors,Lost,2026-01-24,2026-02-25,0
OPP00521,Avery Lin,Scale,Stonebridge Advisors,Lost,2025-04-02,2025-06-19,0
OPP00522,Avery Lin,Scale,Oakmont Data,Won,2026-02-12,2026-04-22,41800
OPP00523,Avery Lin,Starter,Summit Care,Lost,2025-11-16,2026-01-08,0
OPP00524,Lena Morrow,Starter,Summit Care,Engaging,2026-07-18,,
OPP00525,Sam Okafor,Starter,Summit Care,Lost,2026-04-05,2026-05-10,0
OPP00526,Priya Sand,Starter,Summit Care,Lost,2025-06-20,2025-07-11,0
OPP00527,Owen Pratt,Growth,Summit Care,Lost,2026-07-08,2026-08-16,0
OPP00528,Lena Morrow,Starter,Summit Care,Lost,2024-11-16,2024-12-31,0
OPP00529,Priya Sand,Starter,Summit Care,Lost,2024-10-25,2024-12-17,0
OPP00530,Owen Pratt,Growth,Summit Care,Lost,2025-04-21,2025-06-10,0
OPP00531,Iris Holm,Scale,Thornbury Fabrication,Won,2025-05-20,2025-08-28,38900
OPP00532,Iris Holm,Scale,Thornbury Education,Lost,2026-05-25,2026-08-03,0
OPP00533,Marcus Ohl,Scale,Thornbury Education,Won,2024-11-21,2025-02-16,46600
OPP00534,Theo Brandt,Scale,Thornbury Education,Lost,2025-03-05,2025-06-21,0
OPP00535,Priya Sand,Growth,Highpoint Fiber,Lost,2025-04-01,2025-06-05,0
OPP00536,Priya Sand,Scale,Highpoint Fiber,Won,2025-12-16,2026-02-19,44200
OPP00537,Nina Castell,Growth,Northwind Market,Lost,2026-07-23,2026-08-26,0
OPP00538,Lena Morrow,Scale,Northwind Market,Lost,2025-06-22,2025-10-05,0
OPP00539,Iris Holm,Scale,Northwind Market,Lost,2026-01-11,2026-04-27,0
OPP00540,Avery Lin,Growth,Northwind Market,Won,2025-10-03,2025-11-23,18100
OPP00541,Lena Morrow,Scale,Ironvale Components,Prospecting,,,
OPP00542,Iris Holm,Scale,Harbor Diagnostics,Lost,2025-01-31,2025-05-06,0
OPP00543,Lena Morrow,Scale,Brightline Schools,Won,2026-05-24,2026-08-18,40900
OPP00544,Owen Pratt,Growth,Marlowe Systems,Lost,2026-06-28,2026-08-03,0
OPP00545,Iris Holm,Growth,Marlowe Systems,Lost,2024-11-25,2025-01-16,0
OPP00546,Lena Morrow,Growth,Marlowe Systems,Lost,2025-09-13,2025-11-11,0
OPP00547,Sam Okafor,Scale,Marlowe Systems,Won,2025-11-14,2026-02-13,38400
OPP00548,Lena Morrow,Scale,Marlowe Systems,Won,2026-03-14,2026-05-19,45500
OPP00549,Iris Holm,Scale,Marlowe Systems,Won,2025-08-08,2025-11-25,43400
OPP00550,Priya Sand,Growth,Marlowe Systems,Won,2025-10-28,2025-12-29,18300
OPP00551,Sam Okafor,Growth,Highpoint Industries,Lost,2026-04-11,2026-06-04,0
OPP00552,Marcus Ohl,Scale,Highpoint Industries,Won,2026-03-03,2026-05-14,39200
OPP00553,Theo Brandt,Scale,Dunmore Market,Prospecting,,,
OPP00554,Sam Okafor,Scale,Quarry Goods,Won,2026-02-08,2026-04-27,42400
OPP00555,Priya Sand,Scale,Quarry Goods,Lost,2026-02-19,2026-05-21,0
OPP00556,Priya Sand,Enterprise,Granite Clinics,Lost,2024-10-06,2024-12-05,0
OPP00557,Theo Brandt,Enterprise,Granite Clinics,Lost,2025-07-17,2025-10-09,0
OPP00558,Priya Sand,Scale,Ironvale Communications,Won,2026-03-12,2026-05-29,46800
OPP00559,Lena Morrow,Enterprise,Ironvale Communications,Lost,2025-05-22,2025-08-08,0
OPP00560,Marcus Ohl,Growth,Ironvale Communications,Lost,2024-11-10,2024-12-25,0
OPP00561,Iris Holm,Scale,Ironvale Communications,Lost,2024-11-22,2025-02-27,0
OPP00562,Priya Sand,Enterprise,Ironvale Communications,Won,2026-01-02,2026-03-11,112800
OPP00563,Sam Okafor,Scale,Willowby Stores,Lost,2025-12-25,2026-04-10,0
OPP00564,Theo Brandt,Starter,Cedar Fabrication,Lost,2025-12-28,2026-02-02,0
OPP00565,Priya Sand,Growth,Cedar Fabrication,Lost,2026-06-04,2026-07-28,0
OPP00566,Lena Morrow,Growth,Cedar Fabrication,Won,2026-03-22,2026-04-30,16300
OPP00567,Priya Sand,Starter,Cedar Fabrication,Lost,2024-12-08,2025-01-02,0
OPP00568,Marcus Ohl,Starter,Cedar Fabrication,Won,2025-09-03,2025-10-06,5600
OPP00569,Marcus Ohl,Enterprise,Marlowe Advisors,Won,2024-10-03,2024-12-02,199500
OPP00570,Nina Castell,Enterprise,Marlowe Advisors,Lost,2025-09-26,2025-12-01,0
OPP00571,Lena Morrow,Enterprise,Marlowe Advisors,Won,2025-06-11,2025-08-13,236600
OPP00572,Owen Pratt,Enterprise,Marlowe Advisors,Won,2025-10-15,2025-12-16,244200
OPP00573,Marcus Ohl,Enterprise,Marlowe Advisors,Won,2025-10-27,2026-01-18,269600
OPP00574,Avery Lin,Enterprise,Marlowe Advisors,Won,2024-10-10,2025-01-03,200800
OPP00575,Owen Pratt,Enterprise,Marlowe Advisors,Engaging,2026-07-04,,
OPP00576,Avery Lin,Enterprise,Marlowe Advisors,Engaging,2026-08-28,,
OPP00577,Marcus Ohl,Enterprise,Cedar Group,Lost,2025-01-25,2025-03-29,0
OPP00578,Lena Morrow,Scale,Cedar Group,Lost,2025-04-09,2025-06-28,0
OPP00579,Owen Pratt,Growth,Westmark Labs,Won,2025-03-24,2025-05-03,16500
OPP00580,Theo Brandt,Growth,Westmark Labs,Won,2025-10-15,2025-11-07,17000
OPP00581,Theo Brandt,Growth,Westmark Labs,Lost,2026-01-15,2026-03-19,0
OPP00582,Sam Okafor,Growth,Westmark Labs,Won,2025-07-29,2025-09-26,17000
OPP00583,Nina Castell,Growth,Westmark Labs,Won,2026-06-09,2026-07-31,15500
OPP00584,Priya Sand,Scale,Westmark Labs,Lost,2026-03-29,2026-06-11,0
OPP00585,Marcus Ohl,Growth,Westmark Labs,Won,2026-06-01,2026-07-28,18400
OPP00586,Nina Castell,Starter,Everly Components,Lost,2026-06-01,2026-07-22,0
OPP00587,Theo Brandt,Starter,Everly Components,Lost,2025-09-30,2025-11-26,0
OPP00588,Theo Brandt,Starter,Everly Components,Lost,2025-07-20,2025-09-20,0
OPP00589,Priya Sand,Starter,Everly Components,Lost,2026-04-03,2026-05-29,0
OPP00590,Iris Holm,Scale,Stonebridge Advisory,Lost,2025-07-24,2025-10-26,0
OPP00591,Owen Pratt,Scale,Aldercroft Cloud,Won,2024-10-29,2025-01-18,40500
OPP00592,Nina Castell,Scale,Aldercroft Cloud,Won,2025-08-29,2025-12-16,44300
OPP00593,Theo Brandt,Scale,Ironvale Medical,Lost,2025-02-11,2025-05-03,0
OPP00594,Marcus Ohl,Scale,Ironvale Medical,Lost,2026-05-07,2026-07-13,0
OPP00595,Avery Lin,Scale,Ironvale Medical,Lost,2026-04-12,2026-07-04,0
OPP00596,Sam Okafor,Scale,Ironvale Medical,Lost,2025-03-24,2025-07-02,0
OPP00597,Nina Castell,Scale,Ironvale Medical,Lost,2024-12-17,2025-03-30,0
OPP00598,Marcus Ohl,Scale,Ironvale Medical,Lost,2025-10-19,2026-01-10,0
OPP00599,Marcus Ohl,Enterprise,Ironvale Medical,Engaging,2026-08-27,,
OPP00600,Lena Morrow,Scale,Ironvale Medical,Lost,2024-11-21,2025-02-14,0
OPP00601,Owen Pratt,Enterprise,Ironvale Medical,Lost,2024-12-22,2025-03-09,0
OPP00602,Priya Sand,Starter,Driftwood Advisory,Lost,2025-12-04,2026-02-04,0
OPP00603,Lena Morrow,Starter,Driftwood Advisory,Lost,2025-10-21,2025-12-26,0
OPP00604,Owen Pratt,Starter,Driftwood Advisory,Lost,2025-04-25,2025-06-12,0
OPP00605,Sam Okafor,Growth,Quarry Stores,Lost,2025-02-11,2025-04-12,0
OPP00606,Marcus Ohl,Growth,Fairhaven Market,Won,2025-06-29,2025-08-19,17200
OPP00607,Lena Morrow,Growth,Fairhaven Market,Lost,2026-01-10,2026-02-04,0
OPP00608,Marcus Ohl,Growth,Fairhaven Market,Lost,2025-07-31,2025-08-24,0
OPP00609,Theo Brandt,Scale,Fairhaven Market,Lost,2025-12-06,2026-03-14,0
OPP00610,Nina Castell,Starter,Everly Associates,Lost,2025-07-09,2025-09-04,0
OPP00611,Owen Pratt,Starter,Everly Associates,Lost,2026-03-17,2026-05-02,0
OPP00612,Lena Morrow,Scale,Larkspur Components,Lost,2025-06-22,2025-09-16,0
OPP00613,Priya Sand,Scale,Larkspur Components,Won,2026-01-04,2026-03-25,39900
OPP00614,Priya Sand,Growth,Larkspur Components,Lost,2026-04-16,2026-05-11,0
OPP00615,Marcus Ohl,Scale,Larkspur Components,Lost,2025-12-29,2026-02-28,0
OPP00616,Lena Morrow,Scale,Larkspur Components,Lost,2025-12-18,2026-03-24,0
OPP00617,Nina Castell,Growth,Larkspur Components,Lost,2024-12-22,2025-02-15,0
OPP00618,Owen Pratt,Scale,Ashgrove Institute,Won,2025-09-09,2025-11-10,42800
OPP00619,Owen Pratt,Enterprise,Westmark Lending,Won,2025-12-01,2026-03-18,106600
OPP00620,Nina Castell,Scale,Northwind Clinics,Lost,2024-10-29,2025-01-19,0
OPP00621,Lena Morrow,Enterprise,Kestrel Lending,Won,2025-08-21,2025-11-04,101300
OPP00622,Theo Brandt,Scale,Kestrel Lending,Won,2024-10-02,2024-12-26,43400
OPP00623,Priya Sand,Scale,Yardley Capital,Won,2026-03-15,2026-06-20,42700
OPP00624,Avery Lin,Enterprise,Ashgrove Associates,Lost,2025-12-18,2026-04-02,0
OPP00625,Iris Holm,Growth,Halcyon Diagnostics,Lost,2024-11-05,2024-12-10,0
OPP00626,Theo Brandt,Starter,Granite Outfitters,Lost,2026-06-07,2026-07-02,0
OPP00627,Owen Pratt,Growth,Everly Fabrication,Lost,2026-01-31,2026-02-24,0
OPP00628,Marcus Ohl,Growth,Everly Fabrication,Lost,2026-05-02,2026-07-09,0
OPP00629,Theo Brandt,Scale,Everly Fabrication,Lost,2025-11-11,2026-02-17,0
OPP00630,Marcus Ohl,Growth,Pinecrest Data,Lost,2025-09-05,2025-10-24,0
OPP00631,Iris Holm,Starter,Pinecrest Data,Won,2026-07-11,2026-08-05,6100
OPP00632,Lena Morrow,Starter,Pinecrest Data,Lost,2025-12-07,2026-02-08,0
OPP00633,Nina Castell,Growth,Riverton Cloud,Lost,2025-12-15,2026-02-04,0
OPP00634,Marcus Ohl,Growth,Riverton Cloud,Won,2025-08-29,2025-09-22,16400
OPP00635,Nina Castell,Scale,Upland Industries,Lost,2024-12-29,2025-03-19,0
OPP00636,Priya Sand,Enterprise,Upland Industries,Lost,2026-03-09,2026-05-20,0
OPP00637,Owen Pratt,Enterprise,Upland Industries,Lost,2025-06-03,2025-08-09,0
OPP00638,Sam Okafor,Scale,Brightline Medical,Won,2024-10-18,2025-01-14,42200
OPP00639,Priya Sand,Growth,Brightline Medical,Won,2025-12-04,2026-02-03,15600
OPP00640,Nina Castell,Scale,Brightline Medical,Prospecting,,,
OPP00641,Lena Morrow,Scale,Brightline Medical,Lost,2025-04-30,2025-07-20,0
OPP00642,Lena Morrow,Scale,Clearpath Data,Lost,2025-12-03,2026-02-10,0
OPP00643,Nina Castell,Enterprise,Clearpath Data,Lost,2025-10-04,2026-01-09,0
OPP00644,Lena Morrow,Enterprise,Clearpath Data,Lost,2024-10-23,2025-01-23,0
OPP00645,Lena Morrow,Scale,Clearpath Data,Won,2026-03-29,2026-06-27,45500
OPP00646,Priya Sand,Scale,Ironvale Telecom,Lost,2025-02-19,2025-04-27,0
OPP00647,Iris Holm,Scale,Ironvale Telecom,Lost,2026-03-07,2026-06-20,0
OPP00648,Marcus Ohl,Scale,Driftwood Outfitters,Lost,2024-10-26,2025-02-08,0
OPP00649,Priya Sand,Enterprise,Driftwood Outfitters,Won,2024-10-28,2025-01-21,103900
OPP00650,Theo Brandt,Scale,Driftwood Outfitters,Lost,2025-07-08,2025-09-06,0
OPP00651,Owen Pratt,Scale,Thornbury Clinics,Won,2026-01-25,2026-03-26,46400
OPP00652,Sam Okafor,Starter,Driftwood Fiber,Won,2026-04-24,2026-05-22,6000
OPP00653,Nina Castell,Starter,Driftwood Fiber,Won,2025-02-16,2025-03-10,5800
OPP00654,Sam Okafor,Growth,Brackett Telecom,Prospecting,,,
OPP00655,Marcus Ohl,Starter,Brackett Telecom,Lost,2025-04-12,2025-05-28,0
OPP00656,Iris Holm,Starter,Brackett Telecom,Lost,2025-12-30,2026-02-25,0
OPP00657,Marcus Ohl,Scale,Fairhaven Systems,Lost,2026-02-27,2026-06-11,0
OPP00658,Avery Lin,Scale,Harbor Fiber,Lost,2024-11-06,2025-02-21,0
OPP00659,Priya Sand,Scale,Thornbury Manufacturing,Lost,2024-12-10,2025-03-24,0
OPP00660,Lena Morrow,Scale,Thornbury Manufacturing,Won,2026-04-07,2026-06-17,44900
OPP00661,Theo Brandt,Growth,Thornbury Manufacturing,Lost,2026-01-06,2026-02-26,0
OPP00662,Theo Brandt,Scale,Brightline Cloud,Lost,2025-09-11,2025-11-29,0
OPP00663,Lena Morrow,Growth,Pinecrest Care,Won,2025-11-11,2026-01-17,18100
OPP00664,Iris Holm,Growth,Pinecrest Care,Won,2025-02-18,2025-03-19,15900
OPP00665,Priya Sand,Scale,Redfield Health,Lost,2026-02-22,2026-05-20,0
OPP00666,Avery Lin,Growth,Halcyon Goods,Lost,2025-06-25,2025-07-16,0
OPP00667,Marcus Ohl,Starter,Halcyon Goods,Lost,2025-08-30,2025-10-31,0
OPP00668,Lena Morrow,Growth,Orchard Health,Lost,2025-06-08,2025-07-29,0
OPP00669,Sam Okafor,Enterprise,Copperline Institute,Won,2025-12-28,2026-03-25,102300
OPP00670,Theo Brandt,Scale,Copperline Institute,Lost,2025-11-01,2026-02-17,0
OPP00671,Theo Brandt,Growth,Copperline Institute,Won,2026-03-14,2026-04-19,17600
OPP00672,Owen Pratt,Scale,Copperline Institute,Lost,2025-09-21,2026-01-02,0
OPP00673,Sam Okafor,Growth,Copperline Institute,Lost,2025-11-01,2025-12-12,0
OPP00674,Owen Pratt,Scale,Copperline Institute,Engaging,2026-07-13,,
OPP00675,Owen Pratt,Scale,Highpoint Insurance,Lost,2026-01-16,2026-05-03,0
OPP00676,Nina Castell,Scale,Highpoint Insurance,Lost,2026-01-25,2026-03-29,0
OPP00677,Sam Okafor,Enterprise,Highpoint Insurance,Lost,2024-12-10,2025-03-02,0
OPP00678,Owen Pratt,Scale,Everly Works,Lost,2025-07-30,2025-10-13,0
OPP00679,Priya Sand,Scale,Everly Works,Engaging,2026-06-14,,
OPP00680,Sam Okafor,Growth,Stonebridge Fiber,Lost,2025-03-23,2025-05-04,0
OPP00681,Marcus Ohl,Growth,Nettle Associates,Lost,2025-11-18,2026-01-11,0
OPP00682,Sam Okafor,Growth,Nettle Associates,Lost,2025-10-13,2025-11-27,0
OPP00683,Owen Pratt,Growth,Nettle Associates,Lost,2026-01-24,2026-04-03,0
OPP00684,Owen Pratt,Growth,Nettle Associates,Won,2025-07-09,2025-08-23,15600
OPP00685,Iris Holm,Growth,Nettle Associates,Won,2025-12-28,2026-01-21,17100
OPP00686,Sam Okafor,Starter,Highpoint Software,Lost,2026-04-07,2026-05-07,0
OPP00687,Avery Lin,Growth,Larkspur Financial,Won,2026-04-17,2026-06-21,16100
OPP00688,Marcus Ohl,Growth,Beacon Lending,Won,2025-10-03,2025-10-25,15600
OPP00689,Avery Lin,Scale,Beacon Lending,Prospecting,,,
OPP00690,Priya Sand,Scale,Beacon Lending,Won,2025-04-05,2025-06-20,45600
OPP00691,Iris Holm,Scale,Riverton Advisory,Lost,2025-03-14,2025-05-28,0
OPP00692,Sam Okafor,Scale,Riverton Advisory,Engaging,2026-07-29,,
OPP00693,Theo Brandt,Scale,Riverton Advisory,Won,2025-11-17,2026-02-23,45500
OPP00694,Owen Pratt,Growth,Riverton Advisory,Lost,2026-01-09,2026-02-23,0
OPP00695,Marcus Ohl,Growth,Willowby Health,Won,2025-05-21,2025-07-29,16100
OPP00696,Theo Brandt,Growth,Willowby Health,Won,2025-12-19,2026-02-01,17100
OPP00697,Avery Lin,Scale,Zephyr Market,Lost,2026-04-13,2026-07-03,0
OPP00698,Iris Holm,Enterprise,Zephyr Market,Lost,2025-05-06,2025-08-21,0
OPP00699,Avery Lin,Scale,Zephyr Market,Lost,2026-02-21,2026-05-10,0
OPP00700,Marcus Ohl,Enterprise,Zephyr Market,Lost,2024-11-06,2025-01-23,0
OPP00701,Owen Pratt,Growth,Clearpath Labs,Lost,2025-06-29,2025-07-27,0
OPP00702,Marcus Ohl,Starter,Clearpath Labs,Won,2025-07-16,2025-08-13,6100
OPP00703,Marcus Ohl,Enterprise,Kestrel Capital,Won,2024-11-06,2025-01-13,101200
OPP00704,Theo Brandt,Growth,Kestrel Capital,Won,2025-06-03,2025-07-12,17600
OPP00705,Nina Castell,Growth,Driftwood Industries,Lost,2026-04-18,2026-05-23,0
OPP00706,Avery Lin,Scale,Copperline Wireless,Lost,2025-07-27,2025-10-19,0
OPP00707,Priya Sand,Growth,Copperline Wireless,Lost,2024-11-19,2025-01-09,0
OPP00708,Iris Holm,Scale,Copperline Wireless,Won,2025-01-28,2025-04-19,44500
OPP00709,Lena Morrow,Scale,Copperline Wireless,Lost,2026-05-26,2026-08-28,0
OPP00710,Priya Sand,Growth,Everly Medical,Lost,2026-07-06,2026-08-21,0
OPP00711,Avery Lin,Starter,Everly Medical,Won,2025-09-19,2025-11-11,6000
OPP00712,Iris Holm,Enterprise,Summit Fabrication,Won,2025-04-05,2025-06-11,106400
OPP00713,Theo Brandt,Enterprise,Northwind Associates,Lost,2025-09-23,2025-12-17,0
OPP00714,Sam Okafor,Scale,Northwind Associates,Lost,2025-08-10,2025-11-24,0
OPP00715,Owen Pratt,Growth,Nettle Outfitters,Engaging,2026-08-06,,
OPP00716,Avery Lin,Scale,Nettle Outfitters,Engaging,2026-08-18,,
OPP00717,Owen Pratt,Scale,Nettle Outfitters,Lost,2026-03-07,2026-06-05,0
OPP00718,Sam Okafor,Growth,Nettle Outfitters,Lost,2025-11-23,2026-01-08,0
OPP00719,Owen Pratt,Growth,Nettle Outfitters,Lost,2025-05-21,2025-06-16,0
OPP00720,Lena Morrow,Starter,Granite Lending,Engaging,2026-08-27,,
OPP00721,Sam Okafor,Starter,Granite Lending,Won,2025-05-20,2025-06-29,6200
OPP00722,Lena Morrow,Growth,Cedar Advisory,Won,2025-06-07,2025-07-19,17400
OPP00723,Avery Lin,Starter,Highpoint Clinics,Lost,2024-11-24,2025-01-02,0
OPP00724,Theo Brandt,Starter,Highpoint Clinics,Lost,2025-05-04,2025-05-26,0
OPP00725,Iris Holm,Scale,Stonebridge Communications,Lost,2026-04-03,2026-07-13,0
OPP00726,Nina Castell,Growth,Willowby Communications,Won,2025-03-17,2025-04-08,18100
OPP00727,Theo Brandt,Starter,Willowby Communications,Lost,2025-02-04,2025-03-10,0
OPP00728,Marcus Ohl,Starter,Willowby Communications,Won,2026-01-08,2026-01-30,5100
OPP00729,Sam Okafor,Growth,Marlowe Industries,Won,2025-09-15,2025-11-16,17000
OPP00730,Avery Lin,Scale,Dunmore Systems,Won,2026-03-05,2026-05-08,44300
OPP00731,Theo Brandt,Enterprise,Fairhaven Advisory,Lost,2024-10-26,2025-01-17,0
OPP00732,Owen Pratt,Growth,Fairhaven Software,Won,2025-02-20,2025-03-18,18900
OPP00733,Lena Morrow,Growth,Fairhaven Software,Won,2024-10-28,2025-01-03,18600
OPP00734,Priya Sand,Scale,Fairhaven Software,Won,2025-09-15,2025-12-05,45500
OPP00735,Lena Morrow,Growth,Fairhaven Software,Won,2025-04-09,2025-05-26,17400
OPP00736,Priya Sand,Growth,Fairhaven Software,Won,2025-04-25,2025-07-01,15400
OPP00737,Priya Sand,Growth,Fairhaven Software,Won,2026-04-05,2026-05-09,17100
OPP00738,Priya Sand,Scale,Fairhaven Software,Won,2025-12-01,2026-02-04,44700
OPP00739,Nina Castell,Scale,Riverton Fabrication,Won,2024-12-03,2025-02-15,43800
OPP00740,Nina Castell,Growth,Riverton Fabrication,Won,2026-05-29,2026-07-16,17600
OPP00741,Owen Pratt,Starter,Ashgrove Networks,Won,2025-06-14,2025-07-24,6100
OPP00742,Marcus Ohl,Scale,Brackett Lending,Engaging,2026-07-17,,
OPP00743,Avery Lin,Growth,Brackett Lending,Won,2026-03-30,2026-05-05,16900
OPP00744,Priya Sand,Enterprise,Brackett Lending,Lost,2025-10-26,2025-12-28,0
OPP00745,Theo Brandt,Scale,Brackett Lending,Lost,2026-01-07,2026-03-09,0
OPP00746,Iris Holm,Starter,Zephyr Consulting,Lost,2025-06-02,2025-07-01,0
OPP00747,Nina Castell,Scale,Orchard Advisors,Engaging,2026-08-02,,
OPP00748,Owen Pratt,Scale,Northwind Capital,Lost,2025-04-19,2025-07-28,0
OPP00749,Iris Holm,Scale,Northwind Capital,Lost,2026-01-29,2026-04-04,0
OPP00750,Sam Okafor,Scale,Northwind Capital,Lost,2025-08-16,2025-11-28,0
OPP00751,Sam Okafor,Starter,Vantage Lending,Won,2026-05-02,2026-06-05,5500
OPP00752,Nina Castell,Starter,Vantage Lending,Lost,2025-11-05,2025-12-23,0
OPP00753,Theo Brandt,Growth,Vantage Lending,Won,2025-02-12,2025-04-03,15300
OPP00754,Theo Brandt,Growth,Vantage Lending,Lost,2026-01-08,2026-03-07,0
OPP00755,Marcus Ohl,Starter,Vantage Lending,Lost,2026-07-30,2026-08-31,0
OPP00756,Owen Pratt,Starter,Vantage Lending,Won,2025-02-12,2025-03-29,6200
OPP00757,Priya Sand,Growth,Vantage Lending,Lost,2024-11-11,2025-01-14,0
OPP00758,Priya Sand,Starter,Vantage Lending,Won,2026-05-15,2026-06-24,6300
OPP00759,Marcus Ohl,Growth,Vantage Lending,Lost,2025-02-20,2025-03-14,0
OPP00760,Marcus Ohl,Scale,Glenmore Retail,Lost,2026-02-12,2026-05-30,0
OPP00761,Iris Holm,Growth,Glenmore Retail,Lost,2025-07-28,2025-09-05,0
OPP00762,Lena Morrow,Scale,Glenmore Retail,Lost,2025-07-06,2025-09-27,0
OPP00763,Theo Brandt,Growth,Glenmore Retail,Won,2026-06-14,2026-08-13,16300
OPP00764,Theo Brandt,Scale,Glenmore Retail,Prospecting,,,
OPP00765,Iris Holm,Scale,Glenmore Retail,Lost,2026-04-02,2026-06-15,0
OPP00766,Nina Castell,Scale,Glenmore Retail,Won,2025-08-11,2025-11-26,42800
OPP00767,Sam Okafor,Scale,Glenmore Retail,Lost,2025-04-05,2025-06-07,0
OPP00768,Nina Castell,Enterprise,Westmark Health,Won,2026-03-31,2026-06-14,223200
OPP00769,Marcus Ohl,Enterprise,Westmark Health,Engaging,2026-07-17,,
OPP00770,Marcus Ohl,Enterprise,Westmark Health,Won,2025-02-12,2025-04-15,282100
OPP00771,Priya Sand,Enterprise,Westmark Health,Won,2026-05-22,2026-08-04,282200
OPP00772,Priya Sand,Enterprise,Westmark Health,Won,2025-06-15,2025-08-22,261700
OPP00773,Avery Lin,Enterprise,Westmark Health,Lost,2025-09-30,2025-12-06,0
OPP00774,Theo Brandt,Enterprise,Westmark Health,Won,2025-02-10,2025-04-24,219400
OPP00775,Owen Pratt,Enterprise,Westmark Health,Won,2025-01-01,2025-04-10,267900
OPP00776,Theo Brandt,Growth,Granite Group,Lost,2025-11-22,2026-01-23,0
OPP00777,Theo Brandt,Scale,Granite Group,Engaging,2026-07-14,,
OPP00778,Priya Sand,Growth,Summit Partners,Lost,2025-05-26,2025-07-22,0
OPP00779,Marcus Ohl,Scale,Calder Cloud,Lost,2025-09-08,2025-12-06,0
OPP00780,Nina Castell,Scale,Cedar Stores,Lost,2025-12-01,2026-02-01,0
OPP00781,Lena Morrow,Enterprise,Cedar Stores,Lost,2025-06-28,2025-09-05,0
OPP00782,Priya Sand,Starter,Saltmarsh Labs,Lost,2026-07-08,2026-08-24,0
OPP00783,Theo Brandt,Starter,Saltmarsh Labs,Won,2025-11-22,2026-01-26,5200
OPP00784,Lena Morrow,Starter,Saltmarsh Labs,Won,2025-08-15,2025-10-05,6300
OPP00785,Iris Holm,Starter,Saltmarsh Labs,Lost,2025-08-24,2025-11-01,0
OPP00786,Nina Castell,Starter,Saltmarsh Labs,Won,2024-11-29,2025-01-09,6200
OPP00787,Sam Okafor,Growth,Saltmarsh Labs,Won,2026-04-11,2026-05-11,18800
OPP00788,Theo Brandt,Starter,Saltmarsh Labs,Won,2026-04-28,2026-06-02,6200
OPP00789,Priya Sand,Growth,Saltmarsh Labs,Won,2025-09-09,2025-11-03,18600
OPP00790,Owen Pratt,Scale,Halcyon Associates,Lost,2026-02-03,2026-05-05,0
OPP00791,Sam Okafor,Enterprise,Halcyon Associates,Won,2025-03-31,2025-05-31,99500
OPP00792,Priya Sand,Scale,Granite Wireless,Lost,2024-12-29,2025-03-24,0
OPP00793,Owen Pratt,Growth,Granite Wireless,Lost,2026-05-11,2026-06-10,0
OPP00794,Theo Brandt,Scale,Granite Wireless,Won,2025-08-10,2025-10-16,45800
OPP00795,Theo Brandt,Growth,Granite Wireless,Lost,2026-03-19,2026-05-27,0
OPP00796,Avery Lin,Growth,Granite Wireless,Lost,2025-08-24,2025-09-27,0
OPP00797,Priya Sand,Scale,Granite Wireless,Lost,2026-04-11,2026-06-23,0
OPP00798,Avery Lin,Scale,Granite Wireless,Lost,2025-12-07,2026-02-18,0
OPP00799,Marcus Ohl,Scale,Granite Wireless,Won,2026-02-05,2026-05-23,44200
OPP00800,Marcus Ohl,Growth,Granite Wireless,Lost,2025-05-12,2025-06-20,0
OPP00801,Marcus Ohl,Scale,Beacon Diagnostics,Prospecting,,,
OPP00802,Marcus Ohl,Scale,Beacon Diagnostics,Lost,2025-02-08,2025-04-21,0
OPP00803,Nina Castell,Scale,Beacon Diagnostics,Engaging,2026-07-23,,
OPP00804,Marcus Ohl,Starter,Calder Capital,Lost,2025-08-06,2025-10-02,0
OPP00805,Owen Pratt,Growth,Ironvale Market,Lost,2026-01-10,2026-02-16,0
OPP00806,Sam Okafor,Enterprise,Silverbrook Advisory,Engaging,2026-06-26,,
OPP00807,Iris Holm,Growth,Silverbrook Advisory,Won,2025-09-02,2025-10-17,15700
OPP00808,Iris Holm,Enterprise,Silverbrook Advisory,Lost,2025-01-07,2025-03-30,0
OPP00809,Marcus Ohl,Growth,Silverbrook Advisory,Won,2026-05-26,2026-06-21,15500
OPP00810,Nina Castell,Enterprise,Stonebridge Diagnostics,Won,2026-05-08,2026-08-04,98500
OPP00811,Priya Sand,Enterprise,Glenmore Wireless,Lost,2025-01-06,2025-03-20,0
OPP00812,Lena Morrow,Growth,Glenmore Wireless,Lost,2025-07-21,2025-09-20,0
OPP00813,Iris Holm,Enterprise,Glenmore Wireless,Won,2025-03-18,2025-05-26,103700
OPP00814,Lena Morrow,Growth,Glenmore Wireless,Won,2024-10-25,2024-12-09,18100
OPP00815,Iris Holm,Scale,Glenmore Wireless,Lost,2025-06-17,2025-09-25,0
OPP00816,Lena Morrow,Scale,Glenmore Wireless,Lost,2026-04-26,2026-07-19,0
OPP00817,Nina Castell,Growth,Glenmore Wireless,Lost,2025-11-18,2025-12-26,0
OPP00818,Lena Morrow,Scale,Glenmore Wireless,Lost,2025-08-18,2025-12-02,0
OPP00819,Avery Lin,Growth,Glenmore Wireless,Lost,2025-10-02,2025-11-20,0
OPP00820,Sam Okafor,Scale,Ashgrove Systems,Won,2025-10-10,2025-12-12,40200
OPP00821,Theo Brandt,Starter,Harbor Learning,Lost,2025-07-18,2025-09-23,0
OPP00822,Lena Morrow,Growth,Granite Components,Won,2025-06-24,2025-07-15,16700
OPP00823,Nina Castell,Scale,Aldercroft Care,Won,2025-06-06,2025-08-29,40900
OPP00824,Lena Morrow,Scale,Silverbrook Industries,Engaging,2026-08-05,,
OPP00825,Sam Okafor,Enterprise,Silverbrook Industries,Won,2025-02-07,2025-05-21,106300
OPP00826,Avery Lin,Enterprise,Silverbrook Industries,Won,2025-10-05,2025-12-08,109300
OPP00827,Lena Morrow,Enterprise,Silverbrook Industries,Lost,2025-03-22,2025-06-06,0
OPP00828,Lena Morrow,Scale,Silverbrook Industries,Won,2025-09-23,2025-12-20,46000
OPP00829,Theo Brandt,Enterprise,Silverbrook Industries,Lost,2025-05-11,2025-08-04,0
OPP00830,Iris Holm,Scale,Silverbrook Industries,Won,2026-06-16,2026-08-25,45100
OPP00831,Iris Holm,Scale,Clearpath Software,Lost,2025-11-01,2026-02-13,0
OPP00832,Iris Holm,Enterprise,Clearpath Software,Won,2026-03-09,2026-05-14,106900
OPP00833,Iris Holm,Enterprise,Clearpath Software,Won,2026-04-27,2026-07-14,105600
OPP00834,Theo Brandt,Enterprise,Zephyr Data,Won,2026-02-20,2026-06-05,102800
OPP00835,Nina Castell,Scale,Zephyr Data,Prospecting,,,
OPP00836,Priya Sand,Starter,Glenmore Outfitters,Lost,2025-09-02,2025-10-02,0
OPP00837,Iris Holm,Scale,Vantage Medical,Won,2024-12-08,2025-03-05,45500
OPP00838,Owen Pratt,Scale,Vantage Medical,Engaging,2026-08-16,,
OPP00839,Lena Morrow,Enterprise,Ravenna Lending,Lost,2026-02-06,2026-04-17,0
OPP00840,Nina Castell,Scale,Ravenna Lending,Lost,2025-10-12,2025-12-23,0
OPP00841,Avery Lin,Enterprise,Ravenna Lending,Engaging,2026-06-13,,
OPP00842,Sam Okafor,Scale,Ravenna Lending,Lost,2024-10-27,2024-12-26,0
OPP00843,Theo Brandt,Scale,Ravenna Lending,Lost,2024-12-04,2025-02-03,0
OPP00844,Sam Okafor,Scale,Ravenna Lending,Lost,2025-07-31,2025-09-30,0
OPP00845,Theo Brandt,Scale,Ravenna Lending,Lost,2024-12-31,2025-03-07,0
OPP00846,Theo Brandt,Scale,Ravenna Lending,Lost,2024-10-11,2025-01-01,0
OPP00847,Marcus Ohl,Scale,Ravenna Lending,Lost,2025-10-17,2026-01-09,0
OPP00848,Nina Castell,Growth,Larkspur Systems,Won,2026-04-20,2026-06-16,15900
OPP00849,Owen Pratt,Starter,Larkspur Systems,Lost,2025-01-02,2025-03-07,0
OPP00850,Iris Holm,Starter,Ashgrove Insurance,Lost,2025-01-10,2025-02-15,0
OPP00851,Nina Castell,Starter,Ashgrove Insurance,Won,2025-10-02,2025-10-25,5200
OPP00852,Theo Brandt,Starter,Ashgrove Insurance,Lost,2024-11-11,2024-12-27,0
OPP00853,Iris Holm,Growth,Ashgrove Insurance,Engaging,2026-08-14,,
OPP00854,Theo Brandt,Starter,Ashgrove Insurance,Won,2025-05-17,2025-06-15,5300
OPP00855,Avery Lin,Scale,Juniper Learning,Prospecting,,,
OPP00856,Avery Lin,Scale,Juniper Learning,Lost,2024-10-11,2024-12-24,0
OPP00857,Priya Sand,Scale,Quarry Systems,Won,2025-03-18,2025-07-03,42400
OPP00858,Marcus Ohl,Scale,Quarry Systems,Won,2026-05-21,2026-08-30,46200
OPP00859,Nina Castell,Scale,Quarry Systems,Won,2025-09-01,2025-11-12,42200
OPP00860,Owen Pratt,Scale,Quarry Systems,Won,2025-08-06,2025-10-24,42500
OPP00861,Avery Lin,Scale,Vantage Advisory,Lost,2025-05-26,2025-09-08,0
OPP00862,Sam Okafor,Scale,Vantage Advisory,Lost,2025-08-19,2025-11-10,0
OPP00863,Avery Lin,Scale,Vantage Advisory,Lost,2026-02-05,2026-05-05,0
OPP00864,Iris Holm,Enterprise,Vantage Advisory,Lost,2025-08-25,2025-11-01,0
OPP00865,Sam Okafor,Scale,Vantage Advisory,Lost,2026-03-21,2026-06-25,0
OPP00866,Marcus Ohl,Scale,Ironvale Industries,Won,2025-08-23,2025-12-09,40700
OPP00867,Nina Castell,Starter,Halcyon Software,Won,2026-01-28,2026-03-01,5800
OPP00868,Iris Holm,Enterprise,Redfield Industries,Lost,2026-01-17,2026-04-21,0
OPP00869,Owen Pratt,Scale,Saltmarsh Care,Engaging,2026-07-11,,
OPP00870,Marcus Ohl,Scale,Saltmarsh Care,Engaging,2026-07-03,,
OPP00871,Iris Holm,Enterprise,Saltmarsh Care,Lost,2024-12-15,2025-02-21,0
OPP00872,Owen Pratt,Scale,Saltmarsh Care,Won,2025-03-29,2025-05-28,47100
OPP00873,Priya Sand,Scale,Redfield Financial,Prospecting,,,
OPP00874,Iris Holm,Enterprise,Redfield Financial,Lost,2026-02-01,2026-05-21,0
OPP00875,Avery Lin,Enterprise,Harbor Manufacturing,Lost,2025-07-25,2025-10-10,0
OPP00876,Avery Lin,Scale,Clearpath Market,Lost,2025-06-24,2025-10-06,0
OPP00877,Nina Castell,Scale,Clearpath Market,Won,2025-12-01,2026-03-12,44300
OPP00878,Owen Pratt,Scale,Clearpath Market,Lost,2025-05-06,2025-07-21,0
OPP00879,Iris Holm,Starter,Juniper Data,Won,2025-11-25,2026-01-13,6100
OPP00880,Avery Lin,Scale,Yardley Retail,Lost,2026-02-05,2026-04-15,0
OPP00881,Avery Lin,Scale,Yardley Retail,Lost,2025-06-19,2025-09-20,0
OPP00882,Theo Brandt,Enterprise,Yardley Retail,Engaging,2026-07-14,,
OPP00883,Theo Brandt,Enterprise,Yardley Retail,Won,2026-06-17,2026-08-30,113500
OPP00884,Marcus Ohl,Enterprise,Yardley Retail,Lost,2025-10-30,2026-01-24,0
OPP00885,Priya Sand,Enterprise,Yardley Retail,Lost,2024-10-11,2024-12-21,0
OPP00886,Priya Sand,Starter,Bluestone Works,Won,2025-07-18,2025-08-11,5400
OPP00887,Owen Pratt,Growth,Ravenna Diagnostics,Lost,2026-06-05,2026-06-29,0
OPP00888,Priya Sand,Growth,Ravenna Diagnostics,Won,2024-10-09,2024-12-08,17200
OPP00889,Marcus Ohl,Growth,Juniper Health,Lost,2024-10-23,2024-11-23,0
OPP00890,Iris Holm,Growth,Juniper Health,Won,2025-04-27,2025-06-21,17100
OPP00891,Owen Pratt,Starter,Juniper Health,Lost,2026-04-17,2026-06-05,0
OPP00892,Sam Okafor,Scale,Larkspur Stores,Lost,2026-02-16,2026-04-20,0
OPP00893,Priya Sand,Scale,Larkspur Stores,Lost,2025-10-27,2026-01-08,0
OPP00894,Nina Castell,Scale,Larkspur Stores,Lost,2025-01-17,2025-04-06,0
OPP00895,Lena Morrow,Scale,Larkspur Stores,Lost,2025-05-03,2025-07-16,0
OPP00896,Marcus Ohl,Scale,Larkspur Stores,Lost,2025-07-11,2025-10-16,0
OPP00897,Lena Morrow,Enterprise,Beacon Care,Lost,2024-12-15,2025-02-18,0
OPP00898,Nina Castell,Scale,Beacon Care,Won,2026-05-17,2026-08-17,40400
OPP00899,Sam Okafor,Scale,Beacon Care,Won,2024-11-16,2025-02-06,40500
OPP00900,Owen Pratt,Scale,Beacon Care,Won,2025-03-01,2025-05-05,42600
OPP00901,Nina Castell,Growth,Northwind Advisors,Won,2026-05-11,2026-07-12,17100
OPP00902,Avery Lin,Scale,Marlowe Health,Won,2024-11-29,2025-03-17,45700
OPP00903,Nina Castell,Growth,Marlowe Health,Won,2025-02-21,2025-04-11,17400
OPP00904,Theo Brandt,Growth,Marlowe Health,Lost,2025-07-16,2025-09-17,0
OPP00905,Marcus Ohl,Starter,Marlowe Works,Lost,2026-03-10,2026-05-09,0
OPP00906,Lena Morrow,Growth,Marlowe Works,Lost,2026-05-27,2026-07-06,0
OPP00907,Lena Morrow,Starter,Marlowe Works,Lost,2026-02-13,2026-04-15,0
OPP00908,Iris Holm,Starter,Marlowe Works,Lost,2025-08-13,2025-09-13,0
OPP00909,Marcus Ohl,Starter,Marlowe Works,Lost,2026-07-05,2026-08-25,0
OPP00910,Nina Castell,Starter,Marlowe Works,Prospecting,,,
OPP00911,Nina Castell,Growth,Marlowe Works,Lost,2026-06-29,2026-07-28,0
OPP00912,Nina Castell,Starter,Marlowe Works,Lost,2025-12-11,2026-02-11,0
OPP00913,Theo Brandt,Starter,Marlowe Works,Won,2026-01-08,2026-02-02,6200
OPP00914,Marcus Ohl,Growth,Ravenna Industries,Won,2025-02-25,2025-05-02,16600
OPP00915,Iris Holm,Growth,Ravenna Industries,Prospecting,,,
OPP00916,Priya Sand,Starter,Ravenna Industries,Won,2025-01-31,2025-03-06,5200
OPP00917,Iris Holm,Starter,Ravenna Industries,Lost,2026-06-24,2026-07-15,0
OPP00918,Marcus Ohl,Growth,Ravenna Industries,Lost,2026-04-10,2026-05-25,0
OPP00919,Nina Castell,Starter,Ravenna Industries,Won,2024-11-05,2025-01-04,5200
OPP00920,Iris Holm,Growth,Calder Retail,Lost,2026-05-27,2026-08-04,0
OPP00921,Marcus Ohl,Scale,Granite Schools,Lost,2024-11-16,2025-01-31,0
OPP00922,Nina Castell,Scale,Granite Schools,Won,2025-12-03,2026-02-09,45400
OPP00923,Avery Lin,Enterprise,Nettle Works,Won,2025-11-06,2026-02-17,270700
OPP00924,Priya Sand,Enterprise,Nettle Works,Won,2025-09-01,2025-12-10,248300
OPP00925,Theo Brandt,Enterprise,Nettle Works,Won,2026-01-09,2026-04-04,266100
OPP00926,Lena Morrow,Enterprise,Nettle Works,Won,2025-08-17,2025-11-14,244900
OPP00927,Priya Sand,Enterprise,Nettle Works,Won,2026-02-09,2026-04-28,207800
OPP00928,Marcus Ohl,Enterprise,Nettle Works,Won,2025-06-22,2025-09-22,280400
OPP00929,Theo Brandt,Enterprise,Nettle Works,Won,2024-12-09,2025-02-16,258200
OPP00930,Marcus Ohl,Enterprise,Nettle Works,Won,2026-02-11,2026-05-03,241100
OPP00931,Priya Sand,Starter,Juniper Software,Lost,2026-02-07,2026-04-12,0
OPP00932,Lena Morrow,Starter,Juniper Software,Won,2024-10-14,2024-11-30,6100
OPP00933,Nina Castell,Starter,Juniper Software,Lost,2026-01-01,2026-02-25,0
OPP00934,Priya Sand,Growth,Juniper Software,Lost,2025-07-22,2025-08-25,0
OPP00935,Lena Morrow,Scale,Upland Schools,Lost,2026-01-10,2026-03-12,0
OPP00936,Iris Holm,Scale,Quarry Insurance,Lost,2025-02-08,2025-04-09,0
OPP00937,Theo Brandt,Growth,Quarry Insurance,Lost,2026-04-23,2026-06-28,0
OPP00938,Avery Lin,Starter,Lumen Outfitters,Lost,2025-10-08,2025-11-07,0
OPP00939,Owen Pratt,Starter,Lumen Outfitters,Lost,2025-06-01,2025-07-19,0
OPP00940,Owen Pratt,Growth,Lumen Outfitters,Lost,2025-07-24,2025-09-06,0
OPP00941,Owen Pratt,Starter,Lumen Outfitters,Lost,2024-12-30,2025-01-21,0
OPP00942,Nina Castell,Enterprise,Saltmarsh Lending,Lost,2025-05-26,2025-08-10,0
OPP00943,Iris Holm,Scale,Pinecrest Lending,Lost,2026-04-19,2026-07-14,0
OPP00944,Owen Pratt,Enterprise,Pinecrest Lending,Engaging,2026-08-16,,
OPP00945,Marcus Ohl,Scale,Pinecrest Lending,Won,2024-10-22,2025-01-03,41000
OPP00946,Owen Pratt,Scale,Pinecrest Lending,Engaging,2026-08-05,,
OPP00947,Marcus Ohl,Growth,Ironvale Lending,Won,2025-01-20,2025-03-21,15600
OPP00948,Iris Holm,Starter,Ironvale Lending,Lost,2026-07-07,2026-08-12,0
OPP00949,Priya Sand,Scale,Westmark Advisory,Won,2025-09-17,2025-11-29,40200
OPP00950,Priya Sand,Scale,Westmark Advisory,Lost,2026-02-06,2026-05-19,0
OPP00951,Avery Lin,Starter,Beacon Software,Won,2025-01-29,2025-03-18,5300
OPP00952,Owen Pratt,Starter,Larkspur Industries,Won,2025-08-25,2025-09-16,5300
OPP00953,Avery Lin,Scale,Highpoint Outfitters,Lost,2025-12-11,2026-03-29,0
OPP00954,Theo Brandt,Enterprise,Riverton Manufacturing,Engaging,2026-06-09,,
OPP00955,Nina Castell,Growth,Ironvale Retail,Lost,2024-11-06,2024-12-25,0
OPP00956,Sam Okafor,Starter,Ironvale Retail,Lost,2025-03-01,2025-05-02,0
OPP00957,Nina Castell,Starter,Ironvale Retail,Lost,2024-11-18,2025-01-23,0
OPP00958,Sam Okafor,Starter,Ironvale Retail,Lost,2025-04-14,2025-05-05,0
OPP00959,Owen Pratt,Starter,Ironvale Retail,Lost,2026-04-30,2026-06-27,0
OPP00960,Priya Sand,Starter,Pinecrest Retail,Lost,2024-12-29,2025-02-17,0
OPP00961,Lena Morrow,Growth,Pinecrest Retail,Lost,2025-08-05,2025-08-26,0
OPP00962,Lena Morrow,Scale,Redfield Fiber,Lost,2025-08-03,2025-10-09,0
OPP00963,Marcus Ohl,Scale,Redfield Fiber,Won,2025-04-08,2025-06-18,42000
OPP00964,Priya Sand,Scale,Yardley Lending,Engaging,2026-08-04,,
OPP00965,Owen Pratt,Scale,Yardley Lending,Won,2025-01-01,2025-03-11,42700
OPP00966,Theo Brandt,Growth,Yardley Lending,Won,2025-04-03,2025-05-09,17300
OPP00967,Priya Sand,Growth,Brackett Medical,Won,2026-03-17,2026-05-05,18900
OPP00968,Avery Lin,Growth,Yardley Medical,Won,2026-05-23,2026-07-11,18700
OPP00969,Lena Morrow,Growth,Thornbury Partners,Won,2024-12-05,2025-01-10,17500
OPP00970,Avery Lin,Enterprise,Thornbury Partners,Won,2025-03-07,2025-06-13,111500
OPP00971,Sam Okafor,Scale,Thornbury Partners,Won,2024-10-15,2025-01-21,42500
OPP00972,Owen Pratt,Scale,Thornbury Partners,Lost,2025-06-15,2025-09-04,0
OPP00973,Avery Lin,Scale,Beacon Wireless,Won,2025-08-28,2025-11-01,38400
OPP00974,Nina Castell,Enterprise,Beacon Wireless,Lost,2026-02-10,2026-05-18,0
OPP00975,Owen Pratt,Growth,Ashgrove Outfitters,Won,2025-02-05,2025-03-20,16500
OPP00976,Marcus Ohl,Scale,Ashgrove Outfitters,Won,2024-10-10,2024-12-09,43300
OPP00977,Sam Okafor,Scale,Ashgrove Outfitters,Won,2024-12-26,2025-03-22,43400
OPP00978,Priya Sand,Growth,Ashgrove Outfitters,Lost,2025-03-05,2025-04-05,0
OPP00979,Iris Holm,Growth,Ashgrove Outfitters,Won,2025-03-10,2025-05-18,17300
OPP00980,Sam Okafor,Scale,Upland Lending,Prospecting,,,
OPP00981,Theo Brandt,Growth,Dunmore Academy,Won,2025-06-07,2025-07-07,18300
OPP00982,Priya Sand,Growth,Vantage Systems,Engaging,2026-07-28,,
OPP00983,Theo Brandt,Growth,Vantage Systems,Won,2024-10-31,2024-12-10,17300
OPP00984,Lena Morrow,Growth,Halcyon Components,Won,2026-02-28,2026-04-25,17100
OPP00985,Owen Pratt,Growth,Halcyon Components,Won,2025-07-26,2025-09-20,15500
OPP00986,Sam Okafor,Enterprise,Fairhaven Health,Prospecting,,,
OPP00987,Sam Okafor,Growth,Juniper Cloud,Won,2025-08-31,2025-11-05,17600
OPP00988,Owen Pratt,Enterprise,Oakmont Fabrication,Lost,2025-07-08,2025-09-18,0
OPP00989,Lena Morrow,Scale,Clearpath Fiber,Won,2025-01-30,2025-05-11,46800
OPP00990,Priya Sand,Growth,Vantage Market,Won,2025-06-24,2025-08-04,18000
OPP00991,Owen Pratt,Scale,Vantage Market,Won,2024-11-27,2025-02-17,39300
OPP00992,Avery Lin,Growth,Vantage Market,Won,2025-03-31,2025-04-23,18700
OPP00993,Avery Lin,Scale,Pinecrest Components,Lost,2025-03-07,2025-06-04,0
OPP00994,Owen Pratt,Enterprise,Pinecrest Components,Lost,2025-09-12,2025-11-27,0
OPP00995,Lena Morrow,Scale,Pinecrest Components,Lost,2025-04-22,2025-07-07,0
OPP00996,Avery Lin,Scale,Pinecrest Components,Won,2026-05-03,2026-07-30,42500
OPP00997,Priya Sand,Enterprise,Pinecrest Components,Lost,2025-07-04,2025-10-08,0
OPP00998,Sam Okafor,Growth,Halcyon Lending,Lost,2025-10-26,2025-12-27,0
OPP00999,Lena Morrow,Growth,Halcyon Lending,Lost,2026-07-08,2026-08-06,0
OPP01000,Iris Holm,Scale,Halcyon Lending,Won,2026-03-17,2026-05-20,46700
OPP01001,Nina Castell,Scale,Yardley Advisors,Lost,2024-12-07,2025-03-10,0
OPP01002,Marcus Ohl,Enterprise,Yardley Advisors,Lost,2025-07-19,2025-10-11,0
OPP01003,Sam Okafor,Scale,Yardley Advisors,Lost,2024-12-26,2025-03-03,0
OPP01004,Lena Morrow,Scale,Yardley Advisors,Lost,2024-10-13,2024-12-20,0
OPP01005,Owen Pratt,Scale,Yardley Advisors,Won,2025-09-24,2025-12-29,39100
OPP01006,Marcus Ohl,Scale,Yardley Advisors,Lost,2025-10-03,2026-01-03,0
OPP01007,Sam Okafor,Scale,Yardley Advisors,Lost,2025-10-11,2026-01-03,0
OPP01008,Nina Castell,Enterprise,Yardley Advisors,Engaging,2026-08-11,,
OPP01009,Marcus Ohl,Scale,Yardley Advisors,Lost,2026-02-16,2026-04-24,0
OPP01010,Sam Okafor,Enterprise,Copperline Systems,Lost,2025-07-14,2025-10-24,0
OPP01011,Nina Castell,Scale,Aldercroft Institute,Won,2025-05-08,2025-07-07,45900
OPP01012,Iris Holm,Scale,Aldercroft Institute,Lost,2025-08-28,2025-11-20,0
OPP01013,Iris Holm,Growth,Aldercroft Institute,Lost,2026-03-21,2026-05-19,0
OPP01014,Lena Morrow,Growth,Aldercroft Institute,Lost,2025-06-19,2025-08-06,0
OPP01015,Marcus Ohl,Growth,Aldercroft Institute,Engaging,2026-08-20,,
OPP01016,Iris Holm,Growth,Kestrel Group,Lost,2025-12-31,2026-02-04,0
OPP01017,Marcus Ohl,Starter,Kestrel Group,Won,2025-10-17,2025-12-16,5400
OPP01018,Avery Lin,Growth,Kestrel Group,Won,2026-05-31,2026-06-24,17600
OPP01019,Marcus Ohl,Starter,Kestrel Group,Lost,2025-09-06,2025-10-27,0
OPP01020,Marcus Ohl,Starter,Kestrel Group,Lost,2025-06-12,2025-07-11,0
OPP01021,Marcus Ohl,Starter,Kestrel Group,Lost,2026-05-07,2026-06-06,0
OPP01022,Nina Castell,Starter,Summit Clinics,Lost,2025-11-10,2026-01-08,0
OPP01023,Sam Okafor,Growth,Calder Manufacturing,Lost,2025-06-05,2025-07-07,0
OPP01024,Nina Castell,Growth,Calder Manufacturing,Won,2025-03-09,2025-05-04,15300
OPP01025,Lena Morrow,Enterprise,Juniper Consulting,Won,2025-02-16,2025-04-23,104100
OPP01026,Marcus Ohl,Scale,Halcyon Manufacturing,Lost,2025-10-18,2026-01-23,0
OPP01027,Priya Sand,Growth,Nettle Fiber,Lost,2025-10-03,2025-12-05,0
OPP01028,Marcus Ohl,Enterprise,Ravenna Academy,Lost,2025-02-03,2025-04-14,0
OPP01029,Nina Castell,Growth,Clearpath Health,Won,2026-06-28,2026-08-19,18200
OPP01030,Theo Brandt,Growth,Clearpath Health,Won,2025-02-20,2025-03-19,17100
OPP01031,Marcus Ohl,Starter,Clearpath Health,Lost,2025-11-07,2026-01-07,0
OPP01032,Marcus Ohl,Growth,Halcyon Medical,Won,2025-10-29,2025-12-27,16800
OPP01033,Priya Sand,Starter,Cedar Partners,Prospecting,,,
OPP01034,Lena Morrow,Growth,Cedar Partners,Engaging,2026-08-23,,
OPP01035,Lena Morrow,Growth,Cedar Partners,Won,2025-07-07,2025-09-12,17100
OPP01036,Lena Morrow,Enterprise,Oakmont Clinics,Lost,2024-12-23,2025-03-25,0
OPP01037,Sam Okafor,Scale,Oakmont Clinics,Lost,2026-01-15,2026-04-06,0
OPP01038,Avery Lin,Enterprise,Oakmont Clinics,Won,2025-08-01,2025-10-30,113400
OPP01039,Lena Morrow,Enterprise,Oakmont Clinics,Lost,2025-08-07,2025-10-22,0
OPP01040,Nina Castell,Scale,Oakmont Clinics,Lost,2025-02-15,2025-05-07,0
OPP01041,Avery Lin,Scale,Oakmont Clinics,Lost,2025-01-01,2025-03-13,0
OPP01042,Owen Pratt,Scale,Oakmont Clinics,Lost,2025-12-20,2026-03-16,0
OPP01043,Nina Castell,Starter,Aldercroft Industries,Lost,2025-03-26,2025-05-10,0
OPP01044,Nina Castell,Starter,Aldercroft Industries,Lost,2026-06-11,2026-07-02,0
OPP01045,Theo Brandt,Growth,Marlowe Partners,Lost,2024-10-06,2024-12-10,0
OPP01046,Owen Pratt,Starter,Dunmore Financial,Lost,2025-09-02,2025-11-09,0
OPP01047,Marcus Ohl,Starter,Dunmore Financial,Lost,2025-01-17,2025-03-21,0
OPP01048,Iris Holm,Scale,Cedar Industries,Lost,2025-06-09,2025-08-20,0
OPP01049,Avery Lin,Scale,Copperline Components,Lost,2025-02-01,2025-04-27,0
OPP01050,Priya Sand,Scale,Copperline Components,Prospecting,,,
OPP01051,Avery Lin,Scale,Copperline Components,Lost,2025-12-09,2026-03-19,0
OPP01052,Marcus Ohl,Scale,Copperline Components,Lost,2026-05-09,2026-07-18,0
OPP01053,Avery Lin,Scale,Copperline Components,Won,2025-03-07,2025-05-08,38800
OPP01054,Sam Okafor,Scale,Copperline Components,Engaging,2026-07-01,,
OPP01055,Sam Okafor,Enterprise,Copperline Components,Won,2026-03-03,2026-05-06,99400
OPP01056,Owen Pratt,Scale,Copperline Components,Engaging,2026-06-29,,
OPP01057,Theo Brandt,Growth,Larkspur Advisors,Lost,2025-01-12,2025-03-18,0
OPP01058,Priya Sand,Scale,Riverton Retail,Prospecting,,,
OPP01059,Priya Sand,Growth,Riverton Retail,Lost,2024-10-28,2024-12-07,0
OPP01060,Avery Lin,Growth,Summit Retail,Lost,2025-08-11,2025-10-02,0
OPP01061,Sam Okafor,Growth,Summit Retail,Lost,2025-06-18,2025-08-18,0
OPP01062,Marcus Ohl,Growth,Summit Retail,Engaging,2026-07-19,,
OPP01063,Theo Brandt,Scale,Summit Retail,Lost,2025-02-13,2025-05-08,0
OPP01064,Sam Okafor,Scale,Summit Retail,Won,2024-11-13,2025-02-28,44300
OPP01065,Priya Sand,Scale,Summit Retail,Lost,2025-11-30,2026-02-17,0
OPP01066,Theo Brandt,Scale,Summit Retail,Prospecting,,,
OPP01067,Lena Morrow,Growth,Summit Retail,Lost,2025-04-23,2025-06-11,0
OPP01068,Priya Sand,Scale,Summit Retail,Lost,2026-04-17,2026-07-22,0
OPP01069,Iris Holm,Scale,Bluestone Institute,Won,2025-04-27,2025-07-14,44700
OPP01070,Iris Holm,Growth,Dunmore Software,Lost,2025-09-16,2025-10-21,0
OPP01071,Nina Castell,Starter,Dunmore Software,Lost,2026-06-11,2026-07-31,0
OPP01072,Priya Sand,Starter,Dunmore Software,Engaging,2026-07-29,,
OPP01073,Theo Brandt,Starter,Dunmore Software,Lost,2025-02-19,2025-04-23,0
OPP01074,Marcus Ohl,Scale,Marlowe Communications,Won,2025-07-11,2025-10-18,39900
OPP01075,Iris Holm,Enterprise,Pinecrest Medical,Lost,2026-02-03,2026-04-07,0
OPP01076,Owen Pratt,Scale,Pinecrest Medical,Lost,2026-01-05,2026-03-22,0
OPP01077,Priya Sand,Enterprise,Pinecrest Medical,Won,2025-09-02,2025-11-11,105400
OPP01078,Avery Lin,Starter,Everly Stores,Lost,2025-10-08,2025-12-13,0
OPP01079,Marcus Ohl,Growth,Everly Stores,Lost,2026-03-03,2026-04-17,0
OPP01080,Priya Sand,Growth,Everly Stores,Lost,2025-01-01,2025-01-22,0
OPP01081,Nina Castell,Starter,Everly Stores,Lost,2025-02-27,2025-04-09,0
OPP01082,Lena Morrow,Scale,Kestrel Associates,Engaging,2026-07-11,,
OPP01083,Priya Sand,Scale,Kestrel Associates,Lost,2026-04-23,2026-07-18,0
OPP01084,Marcus Ohl,Scale,Halcyon Market,Lost,2025-05-25,2025-08-24,0
OPP01085,Marcus Ohl,Scale,Saltmarsh Consulting,Lost,2025-07-10,2025-09-29,0
OPP01086,Owen Pratt,Enterprise,Saltmarsh Consulting,Lost,2025-10-29,2026-01-06,0
OPP01087,Nina Castell,Starter,Granite Financial,Won,2026-02-02,2026-02-27,6200
OPP01088,Lena Morrow,Starter,Granite Financial,Lost,2025-11-04,2025-12-01,0
OPP01089,Priya Sand,Starter,Granite Financial,Lost,2026-07-19,2026-08-31,0
OPP01090,Marcus Ohl,Starter,Granite Financial,Won,2025-01-26,2025-03-27,5400
OPP01091,Sam Okafor,Scale,Beacon Stores,Prospecting,,,
OPP01092,Sam Okafor,Scale,Beacon Stores,Lost,2025-02-27,2025-06-14,0
OPP01093,Owen Pratt,Growth,Halcyon Wireless,Lost,2025-02-21,2025-03-18,0
OPP01094,Sam Okafor,Growth,Silverbrook Insurance,Won,2025-05-02,2025-06-30,15600
OPP01095,Marcus Ohl,Growth,Brightline Industries,Won,2026-03-02,2026-04-18,16700
OPP01096,Theo Brandt,Growth,Brightline Industries,Won,2025-10-12,2025-12-01,17300
OPP01097,Lena Morrow,Scale,Brightline Industries,Won,2026-04-25,2026-08-03,41300
OPP01098,Owen Pratt,Growth,Halcyon Advisory,Engaging,2026-07-28,,
OPP01099,Owen Pratt,Growth,Halcyon Advisory,Won,2025-11-23,2026-01-17,15800
OPP01100,Sam Okafor,Growth,Halcyon Advisory,Lost,2025-02-06,2025-03-17,0
OPP01101,Owen Pratt,Growth,Halcyon Advisory,Lost,2025-09-02,2025-10-23,0
OPP01102,Iris Holm,Growth,Halcyon Advisory,Lost,2026-06-14,2026-08-21,0
OPP01103,Theo Brandt,Growth,Halcyon Advisory,Won,2024-11-11,2024-12-16,18700
OPP01104,Iris Holm,Growth,Halcyon Advisory,Won,2025-05-08,2025-06-02,17900
OPP01105,Priya Sand,Enterprise,Bluestone Outfitters,Lost,2024-12-21,2025-03-28,0
OPP01106,Lena Morrow,Scale,Bluestone Outfitters,Lost,2025-02-14,2025-06-02,0
OPP01107,Iris Holm,Growth,Marlowe Software,Lost,2025-11-26,2025-12-18,0
OPP01108,Priya Sand,Growth,Marlowe Software,Won,2025-02-25,2025-04-14,16400
OPP01109,Theo Brandt,Growth,Marlowe Software,Lost,2025-11-28,2025-12-28,0
OPP01110,Owen Pratt,Growth,Marlowe Software,Engaging,2026-08-05,,
OPP01111,Avery Lin,Scale,Marlowe Software,Lost,2025-09-04,2025-12-09,0
OPP01112,Nina Castell,Enterprise,Copperline Labs,Lost,2025-05-30,2025-08-23,0
OPP01113,Priya Sand,Scale,Copperline Labs,Lost,2025-05-01,2025-07-07,0
OPP01114,Theo Brandt,Scale,Copperline Labs,Won,2025-04-27,2025-07-10,41800
OPP01115,Marcus Ohl,Scale,Juniper Institute,Lost,2026-01-10,2026-04-07,0
OPP01116,Priya Sand,Scale,Juniper Institute,Lost,2026-02-13,2026-05-14,0
OPP01117,Nina Castell,Scale,Willowby Components,Lost,2025-11-16,2026-03-03,0
OPP01118,Sam Okafor,Starter,Beacon Labs,Lost,2026-01-23,2026-02-27,0
OPP01119,Marcus Ohl,Starter,Beacon Labs,Won,2025-12-09,2026-02-08,5200
OPP01120,Avery Lin,Scale,Juniper Fiber,Lost,2025-10-15,2026-01-23,0
OPP01121,Marcus Ohl,Scale,Nettle Market,Prospecting,,,
OPP01122,Nina Castell,Growth,Nettle Market,Lost,2025-03-23,2025-05-19,0
OPP01123,Marcus Ohl,Scale,Nettle Market,Lost,2025-05-02,2025-08-17,0
OPP01124,Sam Okafor,Growth,Ravenna Medical,Won,2024-11-15,2025-01-08,16100
OPP01125,Priya Sand,Scale,Ravenna Medical,Engaging,2026-05-31,,
OPP01126,Avery Lin,Scale,Ravenna Medical,Won,2025-08-10,2025-10-28,38600
OPP01127,Priya Sand,Growth,Ravenna Medical,Won,2026-07-14,2026-08-16,18600
OPP01128,Marcus Ohl,Scale,Ravenna Medical,Lost,2025-01-08,2025-03-20,0
OPP01129,Iris Holm,Enterprise,Bluestone Systems,Lost,2026-04-03,2026-07-09,0
OPP01130,Lena Morrow,Starter,Ashgrove Lending,Lost,2026-02-05,2026-04-15,0
OPP01131,Marcus Ohl,Starter,Ashgrove Lending,Won,2024-12-29,2025-02-21,6100
OPP01132,Priya Sand,Starter,Ashgrove Lending,Lost,2026-07-02,2026-08-17,0
OPP01133,Sam Okafor,Enterprise,Beacon Associates,Lost,2025-10-24,2026-01-25,0
OPP01134,Lena Morrow,Enterprise,Silverbrook Schools,Lost,2026-05-19,2026-08-04,0
OPP01135,Priya Sand,Enterprise,Clearpath Capital,Lost,2026-02-06,2026-05-26,0
OPP01136,Priya Sand,Scale,Clearpath Capital,Lost,2025-05-01,2025-08-12,0
OPP01137,Lena Morrow,Scale,Clearpath Capital,Lost,2025-07-13,2025-10-03,0
OPP01138,Iris Holm,Enterprise,Clearpath Capital,Lost,2024-10-10,2025-01-13,0
OPP01139,Priya Sand,Enterprise,Clearpath Capital,Lost,2025-10-26,2026-01-12,0
OPP01140,Sam Okafor,Scale,Clearpath Capital,Lost,2025-12-14,2026-02-23,0
OPP01141,Nina Castell,Scale,Clearpath Capital,Lost,2024-10-12,2024-12-18,0
OPP01142,Lena Morrow,Scale,Clearpath Capital,Lost,2025-07-31,2025-11-17,0
OPP01143,Avery Lin,Enterprise,Larkspur Labs,Won,2025-06-14,2025-08-31,247500
OPP01144,Avery Lin,Enterprise,Larkspur Labs,Lost,2026-04-04,2026-06-23,0
OPP01145,Iris Holm,Enterprise,Larkspur Labs,Won,2026-05-16,2026-08-09,270400
OPP01146,Owen Pratt,Enterprise,Larkspur Labs,Won,2024-11-28,2025-02-19,218700
OPP01147,Iris Holm,Enterprise,Larkspur Labs,Won,2025-01-16,2025-03-30,285400
OPP01148,Sam Okafor,Enterprise,Larkspur Labs,Won,2025-01-27,2025-04-05,228800
OPP01149,Nina Castell,Enterprise,Larkspur Labs,Won,2025-09-03,2025-12-17,246900
OPP01150,Owen Pratt,Enterprise,Larkspur Labs,Engaging,2026-08-20,,
OPP01151,Marcus Ohl,Scale,Willowby Financial,Won,2025-09-23,2026-01-08,45900
OPP01152,Iris Holm,Scale,Willowby Financial,Lost,2025-09-04,2025-12-04,0
OPP01153,Theo Brandt,Scale,Willowby Financial,Lost,2026-03-26,2026-05-29,0
OPP01154,Priya Sand,Scale,Willowby Financial,Lost,2025-04-14,2025-06-21,0
OPP01155,Sam Okafor,Scale,Quarry Works,Lost,2025-03-01,2025-05-20,0
OPP01156,Avery Lin,Enterprise,Kestrel Education,Lost,2025-12-09,2026-03-16,0
OPP01157,Iris Holm,Growth,Lumen Partners,Won,2024-10-23,2024-11-30,15800
OPP01158,Lena Morrow,Growth,Lumen Partners,Won,2025-06-07,2025-07-05,16500
OPP01159,Owen Pratt,Scale,Upland Financial,Lost,2025-01-27,2025-04-11,0
OPP01160,Marcus Ohl,Scale,Ravenna Communications,Won,2025-01-11,2025-04-10,38400
OPP01161,Sam Okafor,Scale,Bluestone Group,Engaging,2026-07-18,,
OPP01162,Theo Brandt,Growth,Bluestone Group,Lost,2025-10-09,2025-11-26,0
OPP01163,Theo Brandt,Scale,Bluestone Group,Prospecting,,,
OPP01164,Lena Morrow,Growth,Halcyon Retail,Lost,2026-04-23,2026-06-29,0
OPP01165,Marcus Ohl,Scale,Ironvale Care,Lost,2026-04-11,2026-07-14,0
OPP01166,Owen Pratt,Growth,Ironvale Care,Won,2025-10-21,2025-11-20,18700
OPP01167,Owen Pratt,Scale,Ironvale Care,Won,2025-10-14,2026-01-19,45100
OPP01168,Priya Sand,Scale,Ironvale Care,Won,2026-02-08,2026-05-12,41300
OPP01169,Priya Sand,Scale,Everly Education,Lost,2025-09-01,2025-10-31,0
OPP01170,Priya Sand,Scale,Ironvale Data,Lost,2026-02-06,2026-05-26,0
OPP01171,Iris Holm,Enterprise,Riverton Labs,Engaging,2026-08-24,,
OPP01172,Marcus Ohl,Scale,Riverton Labs,Lost,2024-12-27,2025-03-22,0
OPP01173,Sam Okafor,Scale,Riverton Labs,Lost,2025-05-19,2025-08-04,0
OPP01174,Avery Lin,Scale,Riverton Labs,Lost,2026-04-17,2026-06-24,0
OPP01175,Sam Okafor,Growth,Harbor Labs,Won,2025-10-10,2025-11-23,15400
OPP01176,Avery Lin,Scale,Harbor Labs,Lost,2025-09-21,2025-12-20,0
OPP01177,Lena Morrow,Growth,Harbor Labs,Won,2025-08-27,2025-09-22,17000
OPP01178,Lena Morrow,Scale,Calder Advisory,Lost,2025-07-16,2025-11-01,0
OPP01179,Theo Brandt,Enterprise,Calder Advisory,Lost,2025-09-21,2025-12-27,0
OPP01180,Nina Castell,Scale,Redfield Data,Won,2025-06-24,2025-08-27,44600
OPP01181,Iris Holm,Scale,Redfield Data,Won,2026-03-20,2026-06-19,44200
OPP01182,Avery Lin,Growth,Redfield Data,Won,2026-07-03,2026-08-26,17700
OPP01183,Priya Sand,Growth,Zephyr Fiber,Lost,2025-10-04,2025-11-20,0
OPP01184,Sam Okafor,Scale,Ashgrove Schools,Lost,2025-07-03,2025-10-04,0
OPP01185,Nina Castell,Scale,Ashgrove Schools,Engaging,2026-08-28,,
OPP01186,Sam Okafor,Growth,Brackett Partners,Engaging,2026-08-15,,
OPP01187,Theo Brandt,Scale,Brackett Partners,Prospecting,,,
OPP01188,Owen Pratt,Scale,Brackett Partners,Lost,2024-12-15,2025-03-20,0
OPP01189,Iris Holm,Scale,Brackett Partners,Lost,2025-04-18,2025-07-25,0
OPP01190,Priya Sand,Growth,Brackett Partners,Lost,2024-10-02,2024-11-02,0
OPP01191,Avery Lin,Starter,Calder Telecom,Won,2025-05-02,2025-05-23,5200
OPP01192,Owen Pratt,Starter,Calder Telecom,Won,2025-09-05,2025-10-14,6200
OPP01193,Avery Lin,Starter,Calder Telecom,Lost,2025-08-02,2025-10-08,0
OPP01194,Marcus Ohl,Growth,Calder Telecom,Won,2025-01-27,2025-03-24,15900
OPP01195,Owen Pratt,Starter,Calder Telecom,Prospecting,,,
OPP01196,Priya Sand,Growth,Calder Telecom,Engaging,2026-08-07,,
OPP01197,Iris Holm,Growth,Fairhaven Consulting,Lost,2025-04-21,2025-06-13,0
OPP01198,Marcus Ohl,Scale,Fairhaven Consulting,Lost,2026-04-18,2026-07-31,0
OPP01199,Priya Sand,Scale,Fairhaven Consulting,Lost,2025-11-14,2026-02-09,0
OPP01200,Priya Sand,Growth,Fairhaven Consulting,Lost,2025-11-23,2026-01-21,0
OPP01201,Sam Okafor,Growth,Fairhaven Consulting,Lost,2026-08-03,2026-08-31,0
OPP01202,Iris Holm,Scale,Fairhaven Consulting,Engaging,2026-08-13,,
OPP01203,Marcus Ohl,Growth,Halcyon Data,Lost,2025-03-27,2025-04-24,0
OPP01204,Sam Okafor,Growth,Halcyon Data,Lost,2025-09-17,2025-10-26,0
OPP01205,Sam Okafor,Growth,Lumen Systems,Won,2026-06-21,2026-07-30,17400
OPP01206,Theo Brandt,Starter,Redfield Software,Lost,2026-02-03,2026-03-30,0
OPP01207,Sam Okafor,Starter,Redfield Software,Lost,2024-11-24,2025-01-10,0
OPP01208,Nina Castell,Starter,Redfield Software,Lost,2025-05-27,2025-07-24,0
OPP01209,Owen Pratt,Starter,Redfield Software,Won,2026-04-27,2026-06-17,5500
OPP01210,Iris Holm,Growth,Redfield Software,Engaging,2026-07-14,,
OPP01211,Marcus Ohl,Growth,Redfield Software,Lost,2025-10-12,2025-11-30,0
OPP01212,Marcus Ohl,Starter,Redfield Software,Engaging,2026-08-03,,
OPP01213,Marcus Ohl,Starter,Redfield Software,Lost,2025-07-01,2025-08-15,0
OPP01214,Avery Lin,Starter,Redfield Software,Lost,2025-12-19,2026-02-15,0
OPP01215,Lena Morrow,Enterprise,Marlowe Goods,Lost,2026-04-18,2026-06-17,0
OPP01216,Priya Sand,Scale,Ravenna Labs,Won,2025-03-13,2025-06-16,44700
OPP01217,Nina Castell,Growth,Saltmarsh Networks,Won,2026-02-25,2026-05-04,17000
OPP01218,Theo Brandt,Growth,Saltmarsh Networks,Lost,2025-07-13,2025-08-14,0
OPP01219,Marcus Ohl,Scale,Brackett Software,Lost,2024-11-01,2025-01-22,0
OPP01220,Theo Brandt,Scale,Brackett Software,Lost,2026-02-04,2026-04-26,0
OPP01221,Lena Morrow,Scale,Oakmont Industries,Won,2025-04-11,2025-07-04,46200
OPP01222,Owen Pratt,Growth,Oakmont Industries,Engaging,2026-08-02,,
OPP01223,Owen Pratt,Scale,Driftwood Group,Lost,2025-02-21,2025-06-08,0
OPP01224,Avery Lin,Scale,Northwind Medical,Won,2025-03-20,2025-05-25,44200
OPP01225,Marcus Ohl,Scale,Northwind Medical,Lost,2025-11-23,2026-02-21,0
OPP01226,Iris Holm,Scale,Northwind Medical,Lost,2024-12-02,2025-02-27,0
OPP01227,Marcus Ohl,Scale,Northwind Medical,Lost,2025-07-26,2025-10-19,0
OPP01228,Lena Morrow,Growth,Juniper Industries,Won,2025-09-16,2025-11-18,18100
OPP01229,Theo Brandt,Growth,Juniper Industries,Lost,2025-08-18,2025-09-11,0
OPP01230,Lena Morrow,Scale,Juniper Industries,Engaging,2026-08-24,,
OPP01231,Nina Castell,Scale,Juniper Industries,Engaging,2026-07-11,,
OPP01232,Iris Holm,Scale,Juniper Industries,Lost,2026-02-12,2026-05-25,0
OPP01233,Priya Sand,Scale,Juniper Industries,Won,2026-03-30,2026-06-11,39800
OPP01234,Priya Sand,Growth,Juniper Industries,Lost,2026-02-12,2026-03-10,0
OPP01235,Lena Morrow,Scale,Juniper Industries,Engaging,2026-07-18,,
OPP01236,Marcus Ohl,Enterprise,Juniper Industries,Won,2026-04-25,2026-06-29,111500
OPP01237,Nina Castell,Starter,Halcyon Care,Won,2024-11-09,2025-01-02,5300
OPP01238,Nina Castell,Starter,Halcyon Care,Lost,2025-08-11,2025-09-18,0
OPP01239,Lena Morrow,Starter,Halcyon Care,Engaging,2026-08-01,,
OPP01240,Avery Lin,Growth,Copperline Goods,Lost,2026-05-04,2026-07-03,0
OPP01241,Sam Okafor,Scale,Copperline Goods,Engaging,2026-08-19,,
OPP01242,Iris Holm,Growth,Copperline Goods,Prospecting,,,
OPP01243,Sam Okafor,Scale,Copperline Goods,Lost,2025-08-01,2025-10-28,0
OPP01244,Sam Okafor,Scale,Copperline Goods,Won,2025-07-16,2025-10-22,42500
OPP01245,Marcus Ohl,Scale,Copperline Goods,Lost,2025-03-10,2025-06-12,0
OPP01246,Nina Castell,Scale,Copperline Goods,Won,2026-04-06,2026-07-07,46900
OPP01247,Iris Holm,Scale,Copperline Goods,Lost,2026-05-15,2026-08-04,0
OPP01248,Priya Sand,Scale,Copperline Goods,Prospecting,,,
OPP01249,Lena Morrow,Growth,Ashgrove Goods,Won,2024-12-22,2025-01-30,15900
OPP01250,Marcus Ohl,Growth,Ashgrove Goods,Lost,2026-03-09,2026-04-01,0
OPP01251,Theo Brandt,Growth,Ashgrove Goods,Lost,2025-06-30,2025-07-29,0
OPP01252,Lena Morrow,Scale,Clearpath Systems,Lost,2025-09-26,2025-12-09,0
OPP01253,Avery Lin,Starter,Kestrel Goods,Prospecting,,,
OPP01254,Avery Lin,Scale,Harbor Outfitters,Won,2025-03-20,2025-05-26,41800
OPP01255,Owen Pratt,Scale,Harbor Outfitters,Lost,2024-10-19,2024-12-31,0
OPP01256,Marcus Ohl,Scale,Cedar Lending,Lost,2026-02-03,2026-04-08,0
OPP01257,Theo Brandt,Enterprise,Cedar Lending,Lost,2025-02-24,2025-05-11,0
OPP01258,Priya Sand,Enterprise,Cedar Lending,Lost,2026-01-25,2026-04-26,0
OPP01259,Nina Castell,Starter,Nettle Communications,Lost,2024-11-25,2024-12-19,0
OPP01260,Marcus Ohl,Starter,Nettle Communications,Lost,2025-05-23,2025-06-25,0
OPP01261,Sam Okafor,Starter,Brightline Group,Won,2026-03-05,2026-04-13,5800
OPP01262,Nina Castell,Starter,Glenmore Clinics,Won,2026-03-15,2026-04-25,5700
OPP01263,Priya Sand,Starter,Glenmore Clinics,Lost,2026-02-01,2026-04-05,0
OPP01264,Sam Okafor,Scale,Nettle Data,Engaging,2026-06-16,,
OPP01265,Theo Brandt,Enterprise,Nettle Data,Lost,2025-03-24,2025-06-02,0
OPP01266,Lena Morrow,Growth,Lumen Consulting,Lost,2025-11-25,2025-12-17,0
OPP01267,Sam Okafor,Growth,Lumen Consulting,Lost,2024-10-22,2024-12-03,0
OPP01268,Marcus Ohl,Scale,Lumen Consulting,Won,2025-07-16,2025-10-05,43600
OPP01269,Lena Morrow,Growth,Lumen Consulting,Lost,2025-05-20,2025-07-23,0
OPP01270,Priya Sand,Growth,Lumen Consulting,Lost,2025-07-06,2025-08-08,0
OPP01271,Priya Sand,Growth,Lumen Consulting,Lost,2025-06-07,2025-07-10,0
OPP01272,Iris Holm,Growth,Lumen Consulting,Lost,2025-01-21,2025-03-27,0
OPP01273,Sam Okafor,Enterprise,Ironvale Financial,Lost,2025-05-21,2025-08-01,0
OPP01274,Nina Castell,Scale,Bluestone Lending,Lost,2026-02-19,2026-05-25,0
OPP01275,Owen Pratt,Scale,Bluestone Lending,Engaging,2026-07-28,,
OPP01276,Owen Pratt,Scale,Bluestone Lending,Lost,2026-02-06,2026-04-10,0
OPP01277,Nina Castell,Enterprise,Bluestone Lending,Lost,2026-04-09,2026-06-26,0
OPP01278,Priya Sand,Starter,Lumen Academy,Lost,2026-02-02,2026-03-02,0
OPP01279,Iris Holm,Starter,Lumen Academy,Prospecting,,,
OPP01280,Sam Okafor,Starter,Lumen Academy,Lost,2025-02-01,2025-03-31,0
OPP01281,Priya Sand,Starter,Lumen Academy,Lost,2026-02-06,2026-04-16,0
OPP01282,Owen Pratt,Growth,Lumen Academy,Lost,2025-06-16,2025-07-08,0
OPP01283,Sam Okafor,Scale,Granite Software,Won,2025-07-18,2025-10-29,42800
OPP01284,Avery Lin,Scale,Copperline Medical,Won,2026-01-16,2026-04-26,47200
OPP01285,Sam Okafor,Starter,Willowby Works,Won,2026-06-26,2026-08-27,5700
OPP01286,Owen Pratt,Enterprise,Cedar Cloud,Lost,2025-02-28,2025-06-07,0
OPP01287,Priya Sand,Scale,Cedar Cloud,Won,2025-08-10,2025-10-24,43200
OPP01288,Owen Pratt,Enterprise,Cedar Cloud,Lost,2025-11-11,2026-02-28,0
OPP01289,Lena Morrow,Scale,Cedar Cloud,Won,2026-02-15,2026-04-27,39600
OPP01290,Marcus Ohl,Scale,Cedar Cloud,Won,2025-08-13,2025-11-11,46100
OPP01291,Avery Lin,Enterprise,Calder Health,Lost,2025-08-23,2025-11-20,0
OPP01292,Sam Okafor,Enterprise,Calder Health,Lost,2025-09-10,2025-12-18,0
OPP01293,Theo Brandt,Enterprise,Calder Health,Won,2024-12-30,2025-04-10,115100
OPP01294,Owen Pratt,Scale,Northwind Fabrication,Won,2025-03-19,2025-05-28,41300
OPP01295,Lena Morrow,Enterprise,Beacon Academy,Engaging,2026-07-26,,
OPP01296,Sam Okafor,Scale,Beacon Academy,Lost,2025-03-07,2025-06-21,0
OPP01297,Iris Holm,Scale,Beacon Academy,Lost,2025-02-24,2025-05-10,0
OPP01298,Nina Castell,Scale,Beacon Academy,Lost,2024-12-16,2025-03-11,0
OPP01299,Owen Pratt,Enterprise,Beacon Academy,Lost,2025-10-05,2025-12-16,0
OPP01300,Marcus Ohl,Scale,Beacon Academy,Lost,2024-12-24,2025-04-12,0
OPP01301,Theo Brandt,Scale,Beacon Academy,Lost,2025-09-08,2025-12-03,0
OPP01302,Marcus Ohl,Starter,Pinecrest Networks,Lost,2025-11-01,2025-12-10,0
OPP01303,Lena Morrow,Starter,Pinecrest Networks,Lost,2025-11-23,2025-12-31,0
OPP01304,Lena Morrow,Starter,Pinecrest Networks,Lost,2026-02-12,2026-04-03,0
OPP01305,Priya Sand,Growth,Pinecrest Networks,Lost,2025-06-24,2025-07-30,0
OPP01306,Avery Lin,Starter,Pinecrest Networks,Lost,2024-12-16,2025-02-18,0
OPP01307,Theo Brandt,Growth,Pinecrest Networks,Lost,2024-11-19,2024-12-22,0
OPP01308,Nina Castell,Starter,Pinecrest Networks,Engaging,2026-07-01,,
OPP01309,Marcus Ohl,Growth,Pinecrest Networks,Lost,2025-12-14,2026-02-01,0
OPP01310,Marcus Ohl,Growth,Pinecrest Networks,Lost,2025-11-24,2025-12-19,0
OPP01311,Iris Holm,Starter,Fairhaven Outfitters,Lost,2025-08-30,2025-10-24,0
OPP01312,Lena Morrow,Scale,Zephyr Lending,Lost,2026-04-28,2026-07-08,0
OPP01313,Priya Sand,Enterprise,Zephyr Lending,Lost,2025-06-12,2025-09-27,0
OPP01314,Sam Okafor,Scale,Stonebridge Wireless,Won,2025-02-08,2025-05-15,42600
OPP01315,Avery Lin,Scale,Stonebridge Wireless,Won,2024-10-04,2025-01-07,45300
OPP01316,Owen Pratt,Scale,Stonebridge Wireless,Won,2026-05-30,2026-08-12,43400
OPP01317,Nina Castell,Scale,Stonebridge Wireless,Won,2026-01-12,2026-04-14,44300
OPP01318,Marcus Ohl,Scale,Stonebridge Wireless,Lost,2025-06-10,2025-08-17,0
OPP01319,Avery Lin,Scale,Cedar Fiber,Lost,2025-01-12,2025-04-28,0
OPP01320,Nina Castell,Scale,Cedar Fiber,Lost,2026-05-14,2026-07-19,0
OPP01321,Lena Morrow,Scale,Cedar Fiber,Prospecting,,,
OPP01322,Lena Morrow,Scale,Cedar Fiber,Lost,2026-01-29,2026-05-07,0
OPP01323,Sam Okafor,Scale,Cedar Fiber,Won,2024-12-16,2025-03-23,45400
OPP01324,Nina Castell,Scale,Cedar Fiber,Lost,2024-12-01,2025-02-28,0
OPP01325,Nina Castell,Scale,Larkspur Retail,Lost,2025-07-14,2025-10-09,0
OPP01326,Nina Castell,Scale,Larkspur Retail,Lost,2026-04-08,2026-07-18,0
OPP01327,Lena Morrow,Enterprise,Kestrel Systems,Won,2026-01-31,2026-04-07,107200
OPP01328,Iris Holm,Scale,Willowby Fabrication,Lost,2024-11-30,2025-03-16,0
OPP01329,Iris Holm,Growth,Ironvale Cloud,Won,2025-08-21,2025-10-06,18300
OPP01330,Marcus Ohl,Scale,Bluestone Data,Won,2024-11-16,2025-03-02,40300
OPP01331,Iris Holm,Growth,Bluestone Data,Won,2026-01-19,2026-03-16,16100
OPP01332,Owen Pratt,Starter,Calder Outfitters,Won,2025-07-03,2025-08-28,6200
OPP01333,Lena Morrow,Starter,Calder Outfitters,Lost,2026-06-29,2026-08-11,0
OPP01334,Avery Lin,Growth,Dunmore Labs,Lost,2026-03-23,2026-04-14,0
OPP01335,Theo Brandt,Starter,Dunmore Labs,Lost,2026-01-11,2026-03-01,0
OPP01336,Nina Castell,Scale,Upland Partners,Lost,2025-02-17,2025-04-21,0
OPP01337,Iris Holm,Enterprise,Upland Partners,Lost,2025-03-17,2025-06-20,0
OPP01338,Theo Brandt,Enterprise,Upland Partners,Prospecting,,,
OPP01339,Nina Castell,Scale,Upland Partners,Lost,2025-07-07,2025-09-25,0
OPP01340,Owen Pratt,Growth,Thornbury Networks,Lost,2025-04-29,2025-06-27,0
OPP01341,Nina Castell,Starter,Thornbury Networks,Lost,2025-03-07,2025-04-21,0
OPP01342,Marcus Ohl,Growth,Thornbury Networks,Lost,2024-11-28,2024-12-19,0
OPP01343,Theo Brandt,Starter,Thornbury Networks,Lost,2025-08-17,2025-09-24,0
OPP01344,Theo Brandt,Starter,Thornbury Networks,Won,2026-01-02,2026-02-28,5700
OPP01345,Avery Lin,Starter,Thornbury Networks,Lost,2026-03-05,2026-04-25,0
OPP01346,Lena Morrow,Growth,Thornbury Networks,Lost,2026-06-08,2026-07-02,0
OPP01347,Lena Morrow,Growth,Lumen Group,Lost,2025-01-24,2025-03-11,0
OPP01348,Iris Holm,Scale,Lumen Group,Won,2025-07-20,2025-10-03,41400
OPP01349,Owen Pratt,Growth,Lumen Group,Lost,2026-02-07,2026-03-21,0
OPP01350,Owen Pratt,Growth,Lumen Group,Prospecting,,,
OPP01351,Avery Lin,Growth,Lumen Group,Lost,2026-06-16,2026-07-21,0
OPP01352,Marcus Ohl,Growth,Cedar Wireless,Won,2024-12-16,2025-02-06,16900
OPP01353,Theo Brandt,Growth,Cedar Wireless,Won,2026-06-01,2026-08-05,17000
OPP01354,Owen Pratt,Growth,Cedar Wireless,Lost,2026-03-16,2026-04-26,0
OPP01355,Avery Lin,Scale,Cedar Wireless,Won,2025-10-23,2025-12-24,41700
OPP01356,Iris Holm,Starter,Halcyon Academy,Won,2026-04-07,2026-05-05,5600
OPP01357,Marcus Ohl,Starter,Halcyon Academy,Lost,2025-11-20,2026-01-20,0
OPP01358,Marcus Ohl,Growth,Larkspur Data,Won,2024-10-12,2024-12-01,15900
OPP01359,Theo Brandt,Enterprise,Riverton Lending,Lost,2026-01-31,2026-04-22,0
OPP01360,Nina Castell,Scale,Riverton Lending,Won,2025-01-13,2025-04-02,39600
OPP01361,Owen Pratt,Scale,Riverton Lending,Lost,2024-10-14,2025-01-12,0
OPP01362,Marcus Ohl,Scale,Riverton Lending,Lost,2026-01-26,2026-04-09,0
OPP01363,Owen Pratt,Scale,Riverton Lending,Lost,2026-02-02,2026-04-03,0
OPP01364,Lena Morrow,Enterprise,Riverton Lending,Engaging,2026-06-04,,
OPP01365,Owen Pratt,Scale,Northwind Communications,Won,2026-04-25,2026-07-29,44800
OPP01366,Avery Lin,Growth,Northwind Communications,Won,2026-04-24,2026-06-20,18400
OPP01367,Marcus Ohl,Scale,Northwind Communications,Won,2025-11-21,2026-02-08,45700
OPP01368,Avery Lin,Scale,Northwind Communications,Won,2025-04-04,2025-06-17,39200
OPP01369,Lena Morrow,Scale,Quarry Communications,Lost,2026-03-14,2026-06-20,0
OPP01370,Owen Pratt,Growth,Quarry Communications,Won,2026-03-09,2026-04-07,15800
OPP01371,Lena Morrow,Scale,Quarry Communications,Lost,2026-02-23,2026-05-18,0
OPP01372,Sam Okafor,Scale,Quarry Communications,Lost,2026-02-27,2026-05-09,0
OPP01373,Iris Holm,Growth,Quarry Communications,Won,2025-04-16,2025-06-22,16400
OPP01374,Sam Okafor,Scale,Quarry Communications,Lost,2026-04-22,2026-07-19,0
OPP01375,Iris Holm,Starter,Lumen Learning,Lost,2025-06-19,2025-08-08,0
OPP01376,Priya Sand,Enterprise,Stonebridge Consulting,Engaging,2026-06-20,,
OPP01377,Priya Sand,Scale,Stonebridge Consulting,Engaging,2026-08-27,,
OPP01378,Nina Castell,Starter,Harbor Lending,Lost,2026-05-17,2026-07-18,0
OPP01379,Owen Pratt,Enterprise,Ravenna Health,Lost,2025-12-27,2026-04-12,0
OPP01380,Lena Morrow,Scale,Ravenna Health,Engaging,2026-07-26,,
OPP01381,Theo Brandt,Scale,Ravenna Health,Won,2024-11-16,2025-01-25,45000
OPP01382,Avery Lin,Scale,Ravenna Health,Lost,2024-10-20,2025-01-25,0
OPP01383,Theo Brandt,Scale,Ravenna Health,Engaging,2026-08-05,,
OPP01384,Avery Lin,Scale,Ravenna Health,Lost,2025-10-27,2026-01-16,0
OPP01385,Sam Okafor,Starter,Clearpath Components,Lost,2026-05-02,2026-07-06,0
OPP01386,Owen Pratt,Scale,Ravenna Systems,Lost,2025-07-26,2025-10-20,0
OPP01387,Avery Lin,Scale,Ravenna Systems,Lost,2024-12-02,2025-03-10,0
OPP01388,Sam Okafor,Enterprise,Ravenna Systems,Engaging,2026-07-11,,
OPP01389,Marcus Ohl,Enterprise,Ravenna Systems,Lost,2026-04-26,2026-08-01,0
OPP01390,Owen Pratt,Scale,Stonebridge Capital,Lost,2026-03-26,2026-06-07,0
OPP01391,Theo Brandt,Enterprise,Stonebridge Capital,Lost,2025-07-11,2025-10-22,0
OPP01392,Marcus Ohl,Enterprise,Stonebridge Capital,Prospecting,,,
OPP01393,Nina Castell,Growth,Glenmore Diagnostics,Lost,2025-09-23,2025-10-23,0
OPP01394,Nina Castell,Scale,Glenmore Diagnostics,Lost,2025-04-14,2025-07-13,0
OPP01395,Nina Castell,Enterprise,Clearpath Outfitters,Lost,2025-08-10,2025-10-19,0
OPP01396,Priya Sand,Starter,Thornbury Components,Lost,2025-06-22,2025-07-25,0
OPP01397,Sam Okafor,Growth,Bluestone Components,Lost,2025-07-28,2025-09-30,0
OPP01398,Marcus Ohl,Scale,Driftwood Medical,Won,2026-01-14,2026-04-29,40100
OPP01399,Owen Pratt,Growth,Driftwood Medical,Lost,2026-04-21,2026-06-10,0
OPP01400,Theo Brandt,Growth,Riverton Goods,Won,2025-11-13,2025-12-14,18700
OPP01401,Owen Pratt,Growth,Riverton Goods,Won,2024-11-12,2024-12-24,17500
OPP01402,Priya Sand,Scale,Riverton Goods,Engaging,2026-07-30,,
OPP01403,Theo Brandt,Enterprise,Riverton Goods,Lost,2026-01-29,2026-05-15,0
OPP01404,Marcus Ohl,Scale,Riverton Goods,Lost,2024-10-14,2024-12-30,0
OPP01405,Priya Sand,Growth,Riverton Goods,Lost,2025-06-29,2025-07-27,0
OPP01406,Marcus Ohl,Scale,Riverton Goods,Lost,2025-03-09,2025-06-01,0
OPP01407,Iris Holm,Scale,Riverton Goods,Lost,2024-11-30,2025-03-07,0
OPP01408,Marcus Ohl,Growth,Riverton Goods,Won,2025-07-16,2025-09-23,16900
OPP01409,Nina Castell,Growth,Vantage Financial,Lost,2025-04-25,2025-05-24,0
OPP01410,Nina Castell,Growth,Harbor Stores,Engaging,2026-07-20,,
OPP01411,Marcus Ohl,Scale,Harbor Stores,Won,2025-09-20,2025-11-23,45400
OPP01412,Priya Sand,Scale,Harbor Stores,Won,2025-05-14,2025-07-16,44000
OPP01413,Lena Morrow,Growth,Harbor Stores,Won,2024-12-11,2025-01-05,18000
OPP01414,Nina Castell,Enterprise,Silverbrook Systems,Won,2025-10-18,2026-02-01,94900
OPP01415,Owen Pratt,Growth,Silverbrook Systems,Won,2024-12-18,2025-01-07,17900
OPP01416,Iris Holm,Scale,Silverbrook Systems,Prospecting,,,
OPP01417,Owen Pratt,Growth,Silverbrook Systems,Lost,2026-04-28,2026-06-26,0
OPP01418,Owen Pratt,Growth,Silverbrook Systems,Won,2025-08-09,2025-08-30,17100
OPP01419,Owen Pratt,Scale,Silverbrook Systems,Won,2026-05-07,2026-08-24,39100
OPP01420,Marcus Ohl,Enterprise,Silverbrook Systems,Won,2024-11-03,2025-01-08,98800
OPP01421,Theo Brandt,Growth,Silverbrook Systems,Engaging,2026-08-04,,
OPP01422,Theo Brandt,Scale,Silverbrook Systems,Won,2024-12-27,2025-03-20,39400
OPP01423,Owen Pratt,Growth,Ashgrove Health,Lost,2026-03-16,2026-04-05,0
OPP01424,Priya Sand,Growth,Zephyr Medical,Lost,2025-03-23,2025-05-21,0
OPP01425,Iris Holm,Starter,Zephyr Medical,Lost,2025-09-16,2025-11-15,0
OPP01426,Iris Holm,Starter,Zephyr Medical,Won,2024-12-18,2025-02-20,5400
OPP01427,Lena Morrow,Growth,Zephyr Academy,Lost,2026-06-09,2026-07-04,0
OPP01428,Priya Sand,Scale,Saltmarsh Systems,Lost,2025-12-07,2026-02-05,0
OPP01429,Theo Brandt,Scale,Saltmarsh Systems,Lost,2025-02-09,2025-05-09,0
OPP01430,Sam Okafor,Scale,Saltmarsh Systems,Lost,2025-07-29,2025-10-08,0
OPP01431,Owen Pratt,Growth,Saltmarsh Outfitters,Lost,2025-08-07,2025-10-05,0
OPP01432,Owen Pratt,Growth,Harbor Works,Lost,2025-07-19,2025-09-25,0
OPP01433,Iris Holm,Enterprise,Calder Medical,Lost,2026-01-02,2026-04-21,0
OPP01434,Iris Holm,Growth,Pinecrest Systems,Lost,2025-03-16,2025-04-14,0
OPP01435,Sam Okafor,Growth,Pinecrest Systems,Won,2025-09-30,2025-11-21,18200
OPP01436,Owen Pratt,Enterprise,Ravenna Stores,Lost,2025-01-26,2025-05-09,0
OPP01437,Owen Pratt,Enterprise,Ravenna Stores,Prospecting,,,
OPP01438,Sam Okafor,Growth,Silverbrook Telecom,Won,2025-11-27,2026-01-05,16200
OPP01439,Avery Lin,Growth,Silverbrook Telecom,Lost,2025-06-23,2025-08-28,0
OPP01440,Iris Holm,Scale,Silverbrook Telecom,Lost,2025-10-27,2026-02-04,0
OPP01441,Sam Okafor,Growth,Kestrel Data,Lost,2026-07-23,2026-08-23,0
OPP01442,Avery Lin,Growth,Kestrel Data,Lost,2025-06-28,2025-09-04,0
OPP01443,Theo Brandt,Scale,Thornbury Works,Lost,2024-10-19,2025-02-01,0
OPP01444,Iris Holm,Scale,Thornbury Works,Lost,2024-12-19,2025-03-08,0
OPP01445,Iris Holm,Growth,Northwind Diagnostics,Lost,2025-10-31,2025-11-27,0
OPP01446,Marcus Ohl,Enterprise,Riverton Components,Won,2025-06-02,2025-08-21,95200
OPP01447,Priya Sand,Enterprise,Riverton Components,Lost,2026-04-04,2026-06-27,0
OPP01448,Sam Okafor,Scale,Westmark Software,Won,2024-12-15,2025-03-16,41000
OPP01449,Sam Okafor,Enterprise,Westmark Software,Won,2026-01-06,2026-03-30,114800
OPP01450,Sam Okafor,Scale,Westmark Software,Won,2025-09-20,2025-12-28,43500
OPP01451,Nina Castell,Scale,Westmark Software,Lost,2026-02-11,2026-04-13,0
OPP01452,Nina Castell,Starter,Brightline Health,Won,2024-12-14,2025-02-04,5700
OPP01453,Marcus Ohl,Starter,Brightline Health,Lost,2026-04-18,2026-06-09,0
OPP01454,Owen Pratt,Starter,Brightline Health,Lost,2026-01-22,2026-02-26,0
OPP01455,Priya Sand,Starter,Brightline Health,Lost,2025-05-17,2025-07-15,0
OPP01456,Lena Morrow,Growth,Brightline Health,Won,2025-06-26,2025-08-10,16500
OPP01457,Iris Holm,Starter,Brightline Health,Lost,2026-03-14,2026-04-25,0
OPP01458,Sam Okafor,Starter,Brightline Health,Lost,2026-03-31,2026-04-23,0
OPP01459,Theo Brandt,Starter,Brightline Health,Lost,2024-11-03,2025-01-08,0
OPP01460,Nina Castell,Scale,Fairhaven Diagnostics,Won,2025-09-22,2025-12-31,41800
OPP01461,Nina Castell,Scale,Fairhaven Diagnostics,Won,2024-12-27,2025-03-27,46000
OPP01462,Avery Lin,Enterprise,Saltmarsh Software,Won,2025-02-17,2025-05-07,103400
OPP01463,Lena Morrow,Scale,Saltmarsh Software,Lost,2024-10-30,2025-01-23,0
OPP01464,Iris Holm,Scale,Stonebridge Market,Engaging,2026-07-30,,
OPP01465,Iris Holm,Scale,Stonebridge Market,Won,2025-12-14,2026-03-29,45500
OPP01466,Nina Castell,Growth,Stonebridge Market,Lost,2025-03-20,2025-04-22,0
OPP01467,Marcus Ohl,Scale,Everly Advisors,Lost,2024-12-11,2025-03-11,0
OPP01468,Theo Brandt,Growth,Everly Advisors,Won,2025-08-09,2025-10-14,18600
OPP01469,Avery Lin,Growth,Everly Advisors,Lost,2025-12-30,2026-02-05,0
OPP01470,Nina Castell,Scale,Everly Advisors,Won,2026-04-27,2026-07-08,43900
OPP01471,Avery Lin,Growth,Beacon Advisors,Lost,2025-11-26,2025-12-25,0
OPP01472,Nina Castell,Growth,Brightline Systems,Won,2024-12-17,2025-01-31,16200
OPP01473,Nina Castell,Growth,Brightline Systems,Lost,2025-10-10,2025-12-18,0
OPP01474,Lena Morrow,Starter,Granite Diagnostics,Lost,2026-03-29,2026-04-20,0
OPP01475,Avery Lin,Scale,Summit Data,Lost,2025-02-12,2025-05-29,0
OPP01476,Lena Morrow,Starter,Stonebridge Software,Lost,2025-07-30,2025-10-06,0
OPP01477,Iris Holm,Starter,Stonebridge Software,Lost,2025-01-11,2025-02-09,0
OPP01478,Marcus Ohl,Growth,Upland Institute,Lost,2026-03-08,2026-04-27,0
OPP01479,Marcus Ohl,Scale,Willowby Academy,Engaging,2026-05-23,,
OPP01480,Lena Morrow,Scale,Willowby Academy,Lost,2025-04-02,2025-06-02,0
OPP01481,Priya Sand,Enterprise,Willowby Academy,Lost,2025-10-03,2025-12-28,0
OPP01482,Priya Sand,Starter,Nettle Financial,Lost,2025-02-25,2025-04-05,0
OPP01483,Owen Pratt,Growth,Nettle Financial,Won,2025-02-08,2025-03-12,17500
OPP01484,Avery Lin,Starter,Nettle Financial,Won,2025-05-07,2025-06-04,5300
OPP01485,Sam Okafor,Growth,Nettle Financial,Lost,2025-03-29,2025-05-20,0
OPP01486,Marcus Ohl,Scale,Larkspur Institute,Lost,2025-06-21,2025-09-18,0
OPP01487,Avery Lin,Scale,Larkspur Institute,Won,2025-07-24,2025-10-20,42500
OPP01488,Iris Holm,Scale,Larkspur Institute,Won,2024-10-20,2024-12-29,39500
OPP01489,Avery Lin,Growth,Larkspur Institute,Won,2025-10-30,2025-12-05,17700
OPP01490,Theo Brandt,Scale,Clearpath Advisors,Lost,2026-03-13,2026-05-16,0
OPP01491,Avery Lin,Scale,Driftwood Care,Won,2024-12-26,2025-03-06,42000
OPP01492,Priya Sand,Enterprise,Kestrel Consulting,Lost,2025-09-06,2025-11-19,0
OPP01493,Theo Brandt,Scale,Kestrel Consulting,Lost,2026-05-24,2026-08-07,0
OPP01494,Iris Holm,Scale,Kestrel Consulting,Lost,2025-09-11,2025-12-20,0
OPP01495,Sam Okafor,Scale,Kestrel Consulting,Lost,2026-04-22,2026-07-14,0
OPP01496,Marcus Ohl,Scale,Kestrel Consulting,Lost,2026-02-16,2026-06-02,0
OPP01497,Nina Castell,Enterprise,Kestrel Consulting,Lost,2025-05-10,2025-08-13,0
OPP01498,Theo Brandt,Scale,Ironvale Health,Engaging,2026-07-08,,
OPP01499,Priya Sand,Scale,Willowby Software,Lost,2025-08-17,2025-10-16,0
OPP01500,Owen Pratt,Scale,Willowby Software,Won,2025-01-08,2025-03-26,42200
OPP01501,Lena Morrow,Enterprise,Willowby Software,Won,2025-01-16,2025-05-04,95400
OPP01502,Sam Okafor,Enterprise,Willowby Software,Lost,2026-01-16,2026-04-11,0
OPP01503,Iris Holm,Enterprise,Vantage Schools,Lost,2025-12-13,2026-03-09,0
OPP01504,Lena Morrow,Scale,Vantage Schools,Lost,2025-11-11,2026-01-13,0
OPP01505,Lena Morrow,Enterprise,Vantage Schools,Lost,2026-01-29,2026-04-02,0
OPP01506,Owen Pratt,Growth,Bluestone Clinics,Lost,2025-04-19,2025-06-24,0
OPP01507,Theo Brandt,Scale,Fairhaven Labs,Engaging,2026-05-28,,
OPP01508,Sam Okafor,Growth,Zephyr Components,Lost,2025-04-14,2025-06-17,0
OPP01509,Lena Morrow,Starter,Zephyr Components,Lost,2025-01-08,2025-03-18,0
OPP01510,Nina Castell,Starter,Zephyr Components,Won,2025-09-27,2025-10-30,5900
OPP01511,Lena Morrow,Starter,Zephyr Components,Won,2026-03-28,2026-05-08,5500
OPP01512,Lena Morrow,Starter,Zephyr Components,Lost,2025-04-29,2025-06-07,0
OPP01513,Avery Lin,Starter,Zephyr Components,Lost,2025-03-07,2025-04-18,0
OPP01514,Owen Pratt,Starter,Zephyr Components,Lost,2026-01-02,2026-01-25,0
OPP01515,Owen Pratt,Growth,Thornbury Telecom,Lost,2024-12-23,2025-01-31,0
OPP01516,Iris Holm,Enterprise,Highpoint Consulting,Prospecting,,,
OPP01517,Marcus Ohl,Scale,Highpoint Consulting,Won,2026-05-12,2026-08-09,46600
OPP01518,Marcus Ohl,Scale,Kestrel Wireless,Lost,2026-03-06,2026-06-06,0
OPP01519,Nina Castell,Scale,Kestrel Wireless,Lost,2026-02-14,2026-05-20,0
OPP01520,Marcus Ohl,Scale,Kestrel Wireless,Won,2025-06-19,2025-09-05,38400
OPP01521,Theo Brandt,Enterprise,Kestrel Wireless,Lost,2025-03-24,2025-07-04,0
OPP01522,Sam Okafor,Scale,Kestrel Wireless,Prospecting,,,
OPP01523,Marcus Ohl,Scale,Kestrel Wireless,Won,2025-07-14,2025-09-26,39700
OPP01524,Nina Castell,Scale,Kestrel Wireless,Lost,2025-07-07,2025-09-13,0
OPP01525,Lena Morrow,Enterprise,Kestrel Wireless,Lost,2026-01-31,2026-05-09,0
OPP01526,Owen Pratt,Scale,Kestrel Wireless,Lost,2026-04-26,2026-08-01,0
OPP01527,Iris Holm,Enterprise,Thornbury Capital,Lost,2025-02-24,2025-05-31,0
OPP01528,Avery Lin,Enterprise,Thornbury Capital,Lost,2024-12-27,2025-03-12,0
OPP01529,Iris Holm,Scale,Thornbury Capital,Lost,2025-02-18,2025-05-11,0
OPP01530,Lena Morrow,Growth,Yardley Schools,Engaging,2026-08-04,,
OPP01531,Avery Lin,Growth,Copperline Clinics,Won,2024-12-02,2024-12-22,15800
OPP01532,Theo Brandt,Growth,Copperline Clinics,Won,2026-02-08,2026-03-04,16000
OPP01533,Nina Castell,Scale,Copperline Clinics,Won,2024-11-20,2025-02-13,41600
OPP01534,Lena Morrow,Scale,Copperline Clinics,Lost,2026-02-16,2026-05-29,0
OPP01535,Marcus Ohl,Growth,Copperline Clinics,Lost,2026-04-23,2026-05-17,0
OPP01536,Owen Pratt,Growth,Copperline Clinics,Lost,2025-09-27,2025-11-12,0
OPP01537,Iris Holm,Scale,Copperline Clinics,Won,2025-04-06,2025-06-13,38500
OPP01538,Owen Pratt,Scale,Copperline Clinics,Won,2024-11-10,2025-02-01,44400
OPP01539,Theo Brandt,Growth,Westmark Insurance,Lost,2024-10-31,2025-01-05,0
OPP01540,Nina Castell,Scale,Westmark Insurance,Won,2025-02-08,2025-05-06,42300
OPP01541,Owen Pratt,Growth,Beacon Cloud,Won,2025-03-13,2025-05-14,18800
OPP01542,Marcus Ohl,Starter,Calder Diagnostics,Won,2025-03-05,2025-04-18,5700
OPP01543,Marcus Ohl,Starter,Calder Diagnostics,Lost,2026-02-09,2026-03-04,0
OPP01544,Priya Sand,Scale,Oakmont Manufacturing,Won,2025-04-14,2025-06-29,38800
OPP01545,Priya Sand,Scale,Oakmont Manufacturing,Prospecting,,,
OPP01546,Iris Holm,Scale,Oakmont Manufacturing,Prospecting,,,
OPP01547,Sam Okafor,Scale,Riverton Systems,Lost,2025-02-12,2025-05-09,0
OPP01548,Lena Morrow,Scale,Riverton Systems,Won,2026-02-17,2026-05-03,43400
OPP01549,Iris Holm,Scale,Riverton Systems,Won,2025-03-21,2025-06-25,45900
OPP01550,Nina Castell,Scale,Yardley Consulting,Lost,2025-01-25,2025-04-29,0
OPP01551,Lena Morrow,Scale,Yardley Consulting,Lost,2026-06-24,2026-08-23,0
OPP01552,Theo Brandt,Enterprise,Stonebridge Cloud,Engaging,2026-07-03,,
OPP01553,Owen Pratt,Scale,Stonebridge Cloud,Won,2025-12-15,2026-03-07,46800
OPP01554,Theo Brandt,Growth,Brightline Networks,Won,2026-03-10,2026-04-21,15900
OPP01555,Marcus Ohl,Scale,Brightline Networks,Won,2025-03-19,2025-05-31,40700
OPP01556,Priya Sand,Scale,Brightline Networks,Won,2025-01-08,2025-04-24,42600
OPP01557,Nina Castell,Growth,Brightline Networks,Won,2026-03-09,2026-05-07,17300
OPP01558,Theo Brandt,Growth,Brightline Networks,Won,2026-02-11,2026-03-22,17800
OPP01559,Marcus Ohl,Growth,Aldercroft Retail,Lost,2026-03-30,2026-05-16,0
OPP01560,Lena Morrow,Scale,Aldercroft Retail,Lost,2025-10-21,2026-01-22,0
OPP01561,Avery Lin,Growth,Aldercroft Retail,Won,2026-02-15,2026-03-07,15400
OPP01562,Priya Sand,Growth,Aldercroft Retail,Engaging,2026-08-07,,
OPP01563,Avery Lin,Growth,Aldercroft Retail,Lost,2025-10-07,2025-12-13,0
OPP01564,Theo Brandt,Growth,Aldercroft Retail,Won,2025-05-14,2025-06-17,15900
OPP01565,Sam Okafor,Growth,Summit Associates,Won,2025-09-11,2025-10-11,16000
OPP01566,Sam Okafor,Scale,Summit Associates,Lost,2025-06-05,2025-08-11,0
OPP01567,Nina Castell,Growth,Summit Associates,Lost,2026-04-17,2026-05-19,0
OPP01568,Lena Morrow,Starter,Granite Goods,Lost,2025-05-05,2025-06-16,0
OPP01569,Avery Lin,Starter,Granite Goods,Lost,2025-12-29,2026-02-10,0
OPP01570,Theo Brandt,Starter,Granite Goods,Lost,2025-10-18,2025-12-24,0
OPP01571,Marcus Ohl,Starter,Granite Goods,Won,2025-12-12,2026-01-11,5400
OPP01572,Priya Sand,Enterprise,Brackett Clinics,Lost,2025-03-19,2025-06-30,0
OPP01573,Priya Sand,Enterprise,Brackett Clinics,Lost,2025-04-26,2025-08-13,0
OPP01574,Sam Okafor,Growth,Orchard Stores,Lost,2025-10-26,2025-12-19,0
OPP01575,Lena Morrow,Scale,Orchard Stores,Lost,2025-04-22,2025-08-02,0
OPP01576,Lena Morrow,Scale,Orchard Stores,Won,2025-01-29,2025-04-22,45100
OPP01577,Priya Sand,Growth,Orchard Stores,Won,2025-09-20,2025-11-05,18500
OPP01578,Owen Pratt,Growth,Redfield Outfitters,Won,2025-06-18,2025-07-21,15600
OPP01579,Nina Castell,Enterprise,Redfield Outfitters,Lost,2025-09-28,2025-11-27,0
OPP01580,Priya Sand,Scale,Oakmont Learning,Lost,2024-11-27,2025-02-14,0
OPP01581,Nina Castell,Growth,Harbor Partners,Lost,2024-11-13,2025-01-19,0
OPP01582,Owen Pratt,Starter,Harbor Partners,Lost,2026-04-04,2026-04-25,0
OPP01583,Avery Lin,Scale,Ironvale Advisory,Won,2024-10-06,2025-01-06,38700
OPP01584,Iris Holm,Scale,Ironvale Advisory,Lost,2026-01-24,2026-04-17,0
OPP01585,Theo Brandt,Scale,Beacon Goods,Lost,2025-04-23,2025-07-08,0
OPP01586,Owen Pratt,Starter,Stonebridge Fabrication,Lost,2025-01-30,2025-03-04,0
OPP01587,Avery Lin,Scale,Highpoint Health,Won,2024-12-03,2025-02-15,41400
OPP01588,Lena Morrow,Enterprise,Highpoint Health,Lost,2026-03-17,2026-05-29,0
OPP01589,Iris Holm,Enterprise,Highpoint Health,Lost,2025-05-26,2025-08-31,0
OPP01590,Owen Pratt,Scale,Copperline Consulting,Engaging,2026-08-17,,
OPP01591,Priya Sand,Scale,Copperline Consulting,Lost,2026-03-18,2026-06-16,0
OPP01592,Owen Pratt,Scale,Lumen Retail,Engaging,2026-07-08,,
OPP01593,Lena Morrow,Enterprise,Lumen Retail,Lost,2025-10-21,2026-02-02,0
OPP01594,Avery Lin,Enterprise,Lumen Retail,Lost,2025-05-27,2025-08-07,0
OPP01595,Owen Pratt,Growth,Orchard Diagnostics,Won,2025-11-06,2025-12-24,16600
OPP01596,Iris Holm,Scale,Orchard Diagnostics,Lost,2025-03-11,2025-06-17,0
OPP01597,Owen Pratt,Scale,Brightline Labs,Won,2024-11-02,2025-02-17,44800
OPP01598,Iris Holm,Enterprise,Halcyon Fabrication,Lost,2024-10-05,2024-12-26,0
OPP01599,Owen Pratt,Growth,Fairhaven Financial,Lost,2025-08-03,2025-08-24,0
OPP01600,Owen Pratt,Scale,Copperline Cloud,Engaging,2026-08-30,,
OPP01601,Avery Lin,Growth,Copperline Cloud,Won,2025-06-09,2025-07-11,17500
OPP01602,Avery Lin,Growth,Copperline Cloud,Won,2026-04-21,2026-05-12,18500
OPP01603,Owen Pratt,Growth,Copperline Cloud,Won,2026-05-22,2026-07-14,18900
OPP01604,Lena Morrow,Enterprise,Aldercroft Lending,Lost,2026-02-22,2026-05-30,0
OPP01605,Priya Sand,Growth,Redfield Capital,Lost,2026-07-01,2026-08-05,0
OPP01606,Avery Lin,Growth,Redfield Capital,Lost,2024-12-06,2025-02-11,0
OPP01607,Lena Morrow,Scale,Redfield Capital,Lost,2024-11-09,2025-01-11,0
OPP01608,Owen Pratt,Growth,Redfield Capital,Won,2025-05-14,2025-06-22,17400
OPP01609,Sam Okafor,Growth,Redfield Capital,Engaging,2026-08-02,,
OPP01610,Priya Sand,Growth,Redfield Capital,Won,2025-12-27,2026-02-24,18400
OPP01611,Owen Pratt,Growth,Redfield Capital,Lost,2025-10-29,2025-12-05,0
OPP01612,Sam Okafor,Starter,Riverton Financial,Engaging,2026-08-20,,
OPP01613,Nina Castell,Growth,Riverton Financial,Lost,2026-06-21,2026-08-24,0
OPP01614,Nina Castell,Starter,Riverton Financial,Lost,2025-11-01,2026-01-06,0
OPP01615,Owen Pratt,Growth,Riverton Financial,Lost,2025-05-03,2025-06-04,0
OPP01616,Avery Lin,Starter,Riverton Financial,Lost,2025-12-25,2026-01-19,0
OPP01617,Avery Lin,Starter,Riverton Financial,Lost,2025-09-16,2025-10-19,0
OPP01618,Owen Pratt,Scale,Nettle Cloud,Lost,2025-10-01,2026-01-12,0
OPP01619,Nina Castell,Scale,Silverbrook Cloud,Won,2025-01-30,2025-04-26,44700
OPP01620,Theo Brandt,Growth,Silverbrook Cloud,Won,2026-05-10,2026-07-11,17300
OPP01621,Owen Pratt,Growth,Silverbrook Cloud,Won,2026-03-12,2026-04-26,16000
OPP01622,Lena Morrow,Growth,Silverbrook Cloud,Won,2026-01-17,2026-03-14,16300
OPP01623,Lena Morrow,Starter,Yardley Education,Prospecting,,,
OPP01624,Sam Okafor,Scale,Pinecrest Insurance,Won,2025-09-02,2025-11-29,43100
OPP01625,Marcus Ohl,Growth,Pinecrest Insurance,Lost,2026-04-17,2026-05-12,0
OPP01626,Iris Holm,Scale,Pinecrest Insurance,Lost,2025-01-22,2025-05-07,0
OPP01627,Marcus Ohl,Scale,Orchard Medical,Won,2026-03-07,2026-06-18,43700
OPP01628,Iris Holm,Scale,Orchard Medical,Won,2025-03-06,2025-06-15,40300
OPP01629,Nina Castell,Scale,Orchard Medical,Won,2025-02-25,2025-06-02,41100
OPP01630,Iris Holm,Enterprise,Orchard Medical,Engaging,2026-06-16,,
OPP01631,Theo Brandt,Enterprise,Orchard Medical,Engaging,2026-08-16,,
OPP01632,Lena Morrow,Scale,Orchard Medical,Lost,2026-05-08,2026-08-05,0
OPP01633,Iris Holm,Enterprise,Orchard Medical,Lost,2025-09-11,2025-12-22,0
OPP01634,Lena Morrow,Enterprise,Orchard Medical,Won,2025-11-25,2026-02-04,103300
OPP01635,Marcus Ohl,Scale,Stonebridge Group,Won,2025-05-02,2025-08-05,44500
OPP01636,Owen Pratt,Scale,Yardley Advisory,Won,2024-10-30,2025-02-12,46000
OPP01637,Priya Sand,Growth,Halcyon Stores,Won,2025-07-12,2025-09-15,17400
OPP01638,Theo Brandt,Growth,Halcyon Stores,Lost,2026-06-09,2026-08-08,0
OPP01639,Priya Sand,Enterprise,Driftwood Diagnostics,Won,2025-12-19,2026-03-24,102000
OPP01640,Theo Brandt,Scale,Driftwood Diagnostics,Lost,2025-08-07,2025-11-18,0
OPP01641,Owen Pratt,Scale,Driftwood Diagnostics,Lost,2025-04-09,2025-07-04,0
OPP01642,Sam Okafor,Scale,Driftwood Diagnostics,Lost,2024-12-05,2025-02-18,0
OPP01643,Lena Morrow,Scale,Driftwood Diagnostics,Won,2025-07-06,2025-10-19,44100
OPP01644,Iris Holm,Scale,Driftwood Diagnostics,Lost,2025-09-16,2025-12-19,0
OPP01645,Avery Lin,Scale,Willowby Fiber,Lost,2024-11-20,2025-01-27,0
OPP01646,Theo Brandt,Growth,Driftwood Fabrication,Lost,2024-10-26,2024-12-15,0
OPP01647,Avery Lin,Growth,Driftwood Fabrication,Lost,2025-09-14,2025-10-24,0
OPP01648,Avery Lin,Growth,Quarry Clinics,Won,2025-10-31,2025-12-24,16300
OPP01649,Nina Castell,Growth,Quarry Clinics,Won,2025-08-21,2025-10-02,16500
OPP01650,Priya Sand,Enterprise,Thornbury Lending,Won,2024-12-26,2025-03-14,97000
OPP01651,Avery Lin,Growth,Thornbury Lending,Lost,2025-09-24,2025-11-03,0
OPP01652,Owen Pratt,Scale,Highpoint Financial,Lost,2025-05-16,2025-08-17,0
OPP01653,Priya Sand,Scale,Highpoint Financial,Lost,2025-05-06,2025-08-04,0
OPP01654,Iris Holm,Growth,Yardley Partners,Lost,2026-01-12,2026-03-19,0
OPP01655,Owen Pratt,Growth,Yardley Partners,Lost,2026-05-12,2026-06-11,0
OPP01656,Theo Brandt,Scale,Ashgrove Data,Won,2026-02-12,2026-05-04,47100
OPP01657,Theo Brandt,Scale,Ashgrove Data,Won,2026-05-31,2026-08-28,42400
OPP01658,Priya Sand,Enterprise,Ashgrove Data,Won,2025-07-18,2025-10-07,100900
OPP01659,Priya Sand,Scale,Ashgrove Data,Lost,2024-10-13,2025-01-22,0
OPP01660,Iris Holm,Scale,Bluestone Fiber,Lost,2025-12-06,2026-02-11,0
OPP01661,Owen Pratt,Enterprise,Bluestone Fiber,Lost,2026-05-19,2026-08-06,0
OPP01662,Theo Brandt,Scale,Bluestone Fiber,Lost,2025-08-27,2025-10-28,0
OPP01663,Nina Castell,Enterprise,Thornbury Labs,Won,2025-11-10,2026-01-18,113100
OPP01664,Avery Lin,Enterprise,Thornbury Labs,Won,2025-12-18,2026-02-18,94600
OPP01665,Lena Morrow,Scale,Thornbury Labs,Prospecting,,,
OPP01666,Priya Sand,Growth,Harbor Education,Prospecting,,,
OPP01667,Owen Pratt,Growth,Harbor Education,Lost,2026-08-04,2026-08-26,0
OPP01668,Theo Brandt,Growth,Vantage Education,Won,2025-11-06,2025-12-13,17600
OPP01669,Lena Morrow,Growth,Vantage Education,Won,2024-11-15,2025-01-23,16900
OPP01670,Owen Pratt,Growth,Vantage Education,Lost,2026-04-21,2026-05-25,0
OPP01671,Iris Holm,Growth,Vantage Education,Won,2025-09-19,2025-10-14,18300
OPP01672,Sam Okafor,Growth,Vantage Education,Won,2024-10-22,2024-12-15,17100
OPP01673,Sam Okafor,Growth,Aldercroft Capital,Won,2026-06-18,2026-08-21,17500
OPP01674,Iris Holm,Enterprise,Aldercroft Capital,Lost,2026-05-21,2026-08-22,0
OPP01675,Owen Pratt,Growth,Aldercroft Capital,Won,2025-01-16,2025-02-06,17900
OPP01676,Priya Sand,Enterprise,Aldercroft Capital,Won,2025-05-17,2025-08-19,100900
OPP01677,Theo Brandt,Growth,Aldercroft Capital,Lost,2025-06-02,2025-06-26,0
OPP01678,Priya Sand,Growth,Aldercroft Capital,Prospecting,,,
OPP01679,Owen Pratt,Enterprise,Aldercroft Capital,Lost,2025-03-11,2025-06-08,0
OPP01680,Theo Brandt,Growth,Aldercroft Capital,Lost,2025-01-04,2025-02-23,0
OPP01681,Theo Brandt,Enterprise,Clearpath Communications,Lost,2025-07-21,2025-10-24,0
OPP01682,Owen Pratt,Scale,Clearpath Communications,Lost,2025-06-16,2025-08-29,0
OPP01683,Iris Holm,Growth,Clearpath Communications,Won,2025-09-04,2025-09-26,15900
OPP01684,Marcus Ohl,Scale,Clearpath Communications,Lost,2024-11-24,2025-02-25,0
OPP01685,Owen Pratt,Scale,Clearpath Communications,Lost,2024-12-09,2025-03-22,0
OPP01686,Lena Morrow,Scale,Clearpath Communications,Won,2025-03-16,2025-05-22,45700
OPP01687,Nina Castell,Growth,Clearpath Communications,Lost,2026-01-11,2026-03-16,0
OPP01688,Iris Holm,Growth,Bluestone Capital,Lost,2025-12-08,2026-02-09,0
OPP01689,Priya Sand,Scale,Bluestone Capital,Won,2025-11-24,2026-02-05,45800
OPP01690,Owen Pratt,Scale,Bluestone Capital,Won,2026-01-31,2026-04-26,42100
OPP01691,Lena Morrow,Growth,Brightline Manufacturing,Lost,2026-01-04,2026-03-10,0
OPP01692,Avery Lin,Starter,Brightline Manufacturing,Lost,2025-11-26,2025-12-21,0
OPP01693,Priya Sand,Starter,Brightline Manufacturing,Lost,2026-02-11,2026-03-10,0
OPP01694,Theo Brandt,Growth,Brightline Manufacturing,Lost,2024-12-04,2025-02-08,0
OPP01695,Marcus Ohl,Growth,Oakmont Medical,Won,2025-03-20,2025-04-26,16500
OPP01696,Sam Okafor,Scale,Brackett Diagnostics,Lost,2026-04-10,2026-07-23,0
OPP01697,Priya Sand,Scale,Brackett Diagnostics,Lost,2026-02-16,2026-04-29,0
OPP01698,Sam Okafor,Enterprise,Northwind Labs,Lost,2025-07-03,2025-09-17,0
OPP01699,Theo Brandt,Scale,Northwind Labs,Won,2026-02-04,2026-05-21,45500
OPP01700,Priya Sand,Scale,Glenmore Software,Won,2026-04-07,2026-07-07,46100
OPP01701,Nina Castell,Scale,Glenmore Software,Lost,2025-07-14,2025-10-26,0
OPP01702,Lena Morrow,Scale,Glenmore Software,Lost,2025-07-16,2025-11-01,0
OPP01703,Iris Holm,Scale,Glenmore Software,Lost,2025-05-01,2025-07-12,0
OPP01704,Sam Okafor,Scale,Glenmore Software,Lost,2024-12-06,2025-02-20,0
OPP01705,Iris Holm,Scale,Glenmore Software,Lost,2025-10-22,2026-01-19,0
OPP01706,Iris Holm,Enterprise,Glenmore Software,Lost,2026-04-19,2026-07-18,0
OPP01707,Marcus Ohl,Enterprise,Glenmore Software,Lost,2026-01-30,2026-04-25,0
OPP01708,Iris Holm,Scale,Glenmore Software,Lost,2026-02-09,2026-04-28,0
OPP01709,Lena Morrow,Growth,Calder Partners,Lost,2025-10-01,2025-12-04,0
OPP01710,Theo Brandt,Starter,Calder Partners,Lost,2025-02-01,2025-04-03,0
OPP01711,Nina Castell,Growth,Calder Partners,Lost,2026-07-24,2026-08-24,0
OPP01712,Lena Morrow,Starter,Calder Partners,Lost,2026-07-10,2026-08-31,0
OPP01713,Theo Brandt,Scale,Pinecrest Stores,Lost,2025-08-17,2025-11-30,0
OPP01714,Priya Sand,Enterprise,Pinecrest Stores,Engaging,2026-07-23,,
OPP01715,Theo Brandt,Growth,Kestrel Labs,Won,2026-01-08,2026-03-01,16100
OPP01716,Theo Brandt,Growth,Summit Fiber,Lost,2026-02-18,2026-04-08,0
OPP01717,Owen Pratt,Growth,Summit Fiber,Lost,2025-04-21,2025-06-29,0
OPP01718,Iris Holm,Growth,Pinecrest Outfitters,Lost,2026-05-19,2026-06-17,0
OPP01719,Priya Sand,Growth,Highpoint Group,Won,2024-11-09,2024-11-29,15400
OPP01720,Theo Brandt,Scale,Highpoint Group,Lost,2025-01-10,2025-04-24,0
OPP01721,Priya Sand,Scale,Highpoint Group,Won,2025-05-01,2025-08-03,38500
OPP01722,Lena Morrow,Scale,Highpoint Group,Lost,2026-04-22,2026-08-02,0
OPP01723,Theo Brandt,Growth,Stonebridge Data,Lost,2025-10-01,2025-11-24,0
OPP01724,Lena Morrow,Starter,Stonebridge Data,Lost,2025-04-12,2025-06-08,0
OPP01725,Nina Castell,Scale,Halcyon Works,Lost,2025-08-06,2025-10-14,0
OPP01726,Sam Okafor,Scale,Halcyon Works,Won,2026-01-04,2026-04-17,40000
OPP01727,Owen Pratt,Growth,Everly Cloud,Won,2026-06-21,2026-08-27,17800
OPP01728,Iris Holm,Scale,Everly Cloud,Engaging,2026-08-28,,
OPP01729,Iris Holm,Scale,Everly Cloud,Won,2025-11-25,2026-02-25,41300
OPP01730,Avery Lin,Growth,Everly Cloud,Won,2026-05-29,2026-07-26,18600
OPP01731,Priya Sand,Starter,Aldercroft Advisors,Won,2025-10-01,2025-11-18,6000
OPP01732,Avery Lin,Growth,Aldercroft Advisors,Prospecting,,,
OPP01733,Nina Castell,Scale,Upland Care,Lost,2024-12-14,2025-03-05,0
OPP01734,Avery Lin,Enterprise,Upland Care,Won,2025-02-09,2025-04-28,112300
OPP01735,Marcus Ohl,Scale,Upland Care,Won,2026-02-22,2026-05-09,38700
OPP01736,Lena Morrow,Enterprise,Cedar Schools,Prospecting,,,
OPP01737,Nina Castell,Scale,Cedar Schools,Lost,2026-03-18,2026-05-23,0
OPP01738,Nina Castell,Scale,Cedar Schools,Lost,2025-04-05,2025-06-30,0
OPP01739,Avery Lin,Scale,Cedar Schools,Lost,2026-01-23,2026-04-13,0
OPP01740,Sam Okafor,Starter,Calder Software,Won,2026-04-21,2026-05-31,5600
OPP01741,Theo Brandt,Starter,Westmark Institute,Lost,2025-01-11,2025-03-03,0
OPP01742,Marcus Ohl,Starter,Westmark Institute,Lost,2025-11-17,2025-12-08,0
OPP01743,Marcus Ohl,Growth,Westmark Institute,Lost,2025-08-28,2025-10-06,0
OPP01744,Iris Holm,Starter,Westmark Institute,Lost,2026-02-05,2026-04-03,0
OPP01745,Avery Lin,Growth,Willowby Care,Won,2025-09-13,2025-10-31,17900
OPP01746,Marcus Ohl,Scale,Halcyon Schools,Lost,2025-06-22,2025-09-09,0
OPP01747,Iris Holm,Scale,Halcyon Schools,Lost,2025-11-25,2026-02-04,0
OPP01748,Marcus Ohl,Starter,Summit Market,Won,2024-10-05,2024-12-11,6200
OPP01749,Lena Morrow,Starter,Summit Market,Lost,2025-07-08,2025-08-06,0
OPP01750,Nina Castell,Starter,Summit Market,Lost,2026-01-08,2026-02-16,0
OPP01751,Priya Sand,Scale,Dunmore Capital,Lost,2025-03-23,2025-07-07,0
OPP01752,Iris Holm,Growth,Northwind Education,Won,2026-02-25,2026-04-22,18300
OPP01753,Lena Morrow,Growth,Northwind Education,Lost,2026-04-27,2026-05-26,0
OPP01754,Marcus Ohl,Growth,Ashgrove Financial,Won,2024-12-06,2025-02-03,16300
OPP01755,Iris Holm,Growth,Ashgrove Financial,Lost,2026-06-11,2026-07-15,0
OPP01756,Priya Sand,Growth,Ashgrove Financial,Won,2026-06-25,2026-07-30,15600
OPP01757,Priya Sand,Scale,Larkspur Learning,Lost,2026-03-03,2026-05-20,0
OPP01758,Owen Pratt,Scale,Orchard Labs,Won,2025-11-01,2026-02-04,40900
OPP01759,Sam Okafor,Growth,Oakmont Outfitters,Lost,2024-10-31,2024-11-25,0
OPP01760,Avery Lin,Growth,Oakmont Outfitters,Lost,2025-12-17,2026-01-26,0
OPP01761,Priya Sand,Starter,Oakmont Outfitters,Lost,2025-07-28,2025-10-05,0
OPP01762,Iris Holm,Starter,Oakmont Outfitters,Lost,2026-02-01,2026-04-11,0
OPP01763,Theo Brandt,Starter,Oakmont Outfitters,Lost,2025-06-29,2025-08-26,0
OPP01764,Marcus Ohl,Growth,Oakmont Outfitters,Lost,2024-12-20,2025-02-26,0
OPP01765,Owen Pratt,Growth,Oakmont Outfitters,Lost,2025-09-25,2025-10-18,0
OPP01766,Lena Morrow,Enterprise,Copperline Retail,Lost,2025-11-12,2026-01-17,0
OPP01767,Nina Castell,Growth,Brackett Care,Won,2025-05-22,2025-07-30,17900
OPP01768,Theo Brandt,Scale,Brackett Care,Won,2024-10-24,2025-02-08,43100
OPP01769,Nina Castell,Growth,Pinecrest Associates,Won,2025-02-10,2025-04-14,18600
OPP01770,Avery Lin,Scale,Pinecrest Associates,Won,2026-06-03,2026-08-20,39400
OPP01771,Nina Castell,Starter,Quarry Schools,Lost,2026-05-11,2026-06-11,0
OPP01772,Owen Pratt,Starter,Quarry Schools,Engaging,2026-08-19,,
OPP01773,Avery Lin,Starter,Quarry Schools,Lost,2024-12-14,2025-02-20,0
OPP01774,Nina Castell,Starter,Quarry Schools,Won,2025-01-22,2025-03-10,6100
OPP01775,Sam Okafor,Scale,Highpoint Diagnostics,Lost,2026-01-09,2026-03-25,0
OPP01776,Sam Okafor,Scale,Highpoint Diagnostics,Lost,2024-10-24,2025-01-02,0
OPP01777,Sam Okafor,Scale,Highpoint Diagnostics,Lost,2025-08-10,2025-11-11,0
OPP01778,Priya Sand,Enterprise,Highpoint Diagnostics,Lost,2025-03-28,2025-06-29,0
OPP01779,Iris Holm,Growth,Nettle Capital,Lost,2026-04-28,2026-06-26,0
OPP01780,Sam Okafor,Scale,Nettle Capital,Lost,2025-01-05,2025-03-11,0
OPP01781,Theo Brandt,Growth,Nettle Capital,Lost,2025-01-07,2025-03-01,0
OPP01782,Sam Okafor,Growth,Nettle Capital,Engaging,2026-07-30,,
OPP01783,Nina Castell,Growth,Ashgrove Communications,Lost,2026-01-21,2026-03-27,0
OPP01784,Marcus Ohl,Growth,Ashgrove Communications,Lost,2026-04-29,2026-05-23,0
OPP01785,Lena Morrow,Enterprise,Thornbury Health,Lost,2025-09-12,2025-11-18,0
OPP01786,Lena Morrow,Scale,Thornbury Health,Engaging,2026-06-18,,
OPP01787,Theo Brandt,Enterprise,Thornbury Health,Lost,2025-09-09,2025-12-08,0
OPP01788,Iris Holm,Scale,Granite Insurance,Won,2024-12-22,2025-03-21,42800
OPP01789,Avery Lin,Growth,Granite Insurance,Won,2025-04-10,2025-06-12,18700
OPP01790,Sam Okafor,Growth,Beacon Advisory,Lost,2024-12-04,2025-02-06,0
